path	type	lba	size	flags	status	sha256
BATTLE.LZB	file	965	26880	0x00	extracted	7ba7f28481e8c525397578b9279aa1f78940f1b6e9e8410802b542b278fdbcab
BGM_SEQ.BIN	file	1046	767507	0x00	extracted	d232161c453fee0fc94a294d9f22af84da8b2786626f07008609bef190962f5a
BGM_VAB.BIN	file	1421	7950576	0x00	extracted	0ec3b34083f5e288cad9539a273b3ca504a76296022cb71f025adc865ca1b7d5
BTT	dir	6348	2048	0x02	directory	
BTT/A000_0FF.BIN	file	6349	21164115	0x00	extracted	ffbc09ebabee5a44735d0f2c15813dbfc1ed3bd84d83347c89b167befa080a15
BTT/A100_1FF.BIN	file	16684	14977872	0x00	extracted	d46c790c8091e0b5618c531da4e44fa4ba1b185dfc1970aadc2add9f172be6f6
BTT/A200_2FF.BIN	file	23998	1361920	0x00	extracted	d24f21fae7930e6cb96fcca267721482a21c7a5c0368b39d873e62639305130a
BTT/BTTBG.BIN	file	24663	4354487	0x00	extracted	4110256bf94b0b56732565d2344dd0054dd4bcd8afc5ea02bc29030255d452ee
BTT/BTTMES.BIN	file	26790	346112	0x00	extracted	4e426df83b8e110e34c21a5a3a6b413322c1cd1cb68400884daa033a064bc6a3
BTT/UNTDATA.BIN	file	26959	5176353	0x00	extracted	b7e5b4d21198af2d4811836a03b47c326b63fc13aa8e214790868c7c010d36b6
MAP	dir	29487	2048	0x02	directory	
MAP/ANIME.DAT	file	30666	49381	0x00	extracted	3e84355e6f8af80f3d67bad02a6f6f260d884cacca3450c1d572bd35d922c858
MAP/BANKDAT.BIN	file	29916	1022068	0x00	extracted	83044fc33e2761a3ed39d05957660dd783fdfd92a9e246b203a79b234cceebd2
MAP/BOM0_0.DAT	file	30717	35761	0x00	extracted	f2d4842d24d262a2862a23b344549bc4fb89b7c9b0dde0ba4d1c6b49e56f525a
MAP/EVENT.DAT	file	30741	59169	0x00	extracted	efb50f888a91a0f388260e3e89adc55f5b2b72e66cad385dddfcb05042a054ee
MAP/EVENT2.DAT	file	30770	34854	0x00	extracted	3256bb8496c22ecea3c33106db669053cb4b885a5a91bc99874bbe71c24c36ea
MAP/FACEDAT.BIN	file	30416	434528	0x00	extracted	3d50f4955e04403aa4ed269a23a93976347162783e5cc6c58e581b54f5b02423
MAP/MAPDAT.BIN	file	29488	876077	0x00	extracted	9b9f6b334bb2b0bcc1a346ed9c8dc7b7c4f67a29c8658f9c750a6d54db457ddb
MAP/ME3_0.DAT	file	30691	42860	0x00	extracted	773f2e91a6c7f2d0c998699388f8dd961566fa0ec5a5ea3d9f393d983755f98f
MAP/ME4_0.DAT	file	30712	10228	0x00	extracted	ef8bbefe68574a157a78efa2729db193e10c651a2e3df6b71fd8b380b7b44db3
MAP/OBJECT.B04	file	30646	32768	0x00	extracted	e9c294e3d48d36657b440d7cf0500488469b7a826d4c77af02f8f46dfd7f1eeb
MAP/OBJECT.CLT	file	30662	8192	0x00	extracted	3696fddae5fea0ef1e03ae548510f135b80e78b76a143394ddd37245a42553f8
MAP/REMAP.DAT	file	30788	20254	0x00	extracted	8e8b9e2f6f600a10e81797923f855c2d805aa0bc2b14fa08f41ffb63ee2931a1
MAP/SBTI0.DAT	file	30798	14681	0x00	extracted	91371910fa4d39b8b86cd9ae5d8379bc26802d656b1db67c5518bc458aaccb31
MAP/SBTI1.DAT	file	30806	14734	0x00	extracted	616338c357ecdf6bdb86d864f24989718b74bf9e30e9e8d29ea21306e085545c
MAP/SBTI2.DAT	file	30814	15534	0x00	extracted	5071acb639a53621ec69d75139b248b399d5bdf12a3949247401063699cb1864
MAP/SBTI3.DAT	file	30822	15520	0x00	extracted	05e52006ffcfe42ac2c60357c12cbd4a5be773b6e18ca179b2f5deed675a8dde
MAP/SBTI4.DAT	file	30830	15523	0x00	extracted	b7a2061c4e0abb5695ee82185e1abb1b843c92e6581a11d04c7c27024be89714
MAP/SBTI5.DAT	file	30838	15314	0x00	extracted	fcbd79cd4dba229e0ad82584604e68beb3963e332b67b6dc99c8413694c04fc2
MAP/SBTI6.DAT	file	30846	15955	0x00	extracted	568c2ab1df8404bc407c1983ca2d1e83d2fd38b5ecee816cad5bc1be49674cc1
MAP/SBTI7.DAT	file	30854	15966	0x00	extracted	049ea0e8c894c07f9f12e19b1dd55400b2493ec8896b28f6a4a9c76caf30932a
MAP/SBTI8.DAT	file	30862	11462	0x00	extracted	3bfc2c662fc4b4d8cc93b1d767a73f1229c96fa6e33922cb0b0d07c2480fbb1d
MAP/SYU1_0.DAT	file	30735	11332	0x00	extracted	11767baf9c44e668418a61611daa89b56f2d749641f17a89808142672af5fc6c
MAP/UNIT.B04	file	30629	32768	0x00	extracted	e398aa2298b45f570b347c1901cc6ff4e2a5415bb9f091d2a654d268dae89e12
MAP/UNIT.CLT	file	30645	2048	0x00	extracted	144599d54eff78bade61a6159b7a2f1986ee4331975fdfa625d780b14c5a86f5
MAP.LZB	file	986	122135	0x00	extracted	775c29bd79817f4d45f0c486cf9deef0d85be43463272bfb3fb7467c6f0b3545
MOV	dir	200006	2048	0x02	directory	
MOV/BAM_E.STR	file	225553	24754176	0x00	extracted	5290c84ef88fc9cef0a32fe61c112d8d78084e9c58aa553caf9eff47e6b50039
MOV/BAM_S.STR	file	237640	24754176	0x00	extracted	7e17182e7e1c68a98f0677149e0e1009c6d815b42dcc5d59a16015036922ac0d
MOV/LOGO.STR	file	200007	3110912	0x00	extracted	7f78e01536b9bb6209dd6e4b7f9300251838b3ec9a0050ebefdf9da24c28e598
MOV/MYU.STR	file	249727	54360064	0x00	extracted	2fd726edcf19cf6a00fc39116453e6eb27007daf036288ef80505f4a8000e292
MOV/OPEN.STR	file	201526	49207296	0x00	extracted	e03a7863fb2611059919cc3ee2fcfd8a4386738252fca310382131d18d993633
MOVIE.LZB	file	979	13953	0x00	extracted	f8c8ab24b38ebfdc8756c144b08e2eb2457e339ebe855dd42f83dd43f3637ad8
MWA	dir	30868	2048	0x02	directory	
MWA/MW0_0.DAT	file	30869	10222	0x00	extracted	60fe448a75264d2ccc89ac4ae07cc6bf44f058ede30f6a6363075805a7a3dc6d
MWA/MW1_0.DAT	file	30874	7397	0x00	extracted	a77a8d696047b9f482a54c79a8498639a1aa635f09e77b006ccd9d06565d726f
MWA/MW2_0.DAT	file	30878	21865	0x00	extracted	1c7173362156658a67eb8c9dab060e64e3b12c17fd788f58fe0338bda3f5e3b7
MWA/MW3_0.DAT	file	30889	12206	0x00	extracted	fb2e9b588de9d1752f9df9e091ddfcf4092479769035b36f8c101c555ae8bbac
MWA/MW4_0.DAT	file	30895	8923	0x00	extracted	694ff7d04641f157ce4f0011a3927ad511577209cb7bf2105d2482afd0309b72
MWA/MW5_0.DAT	file	30900	13319	0x00	extracted	8521bac20155c4a4d3e04fca2008abd9a48bd2b5d85034089fe862681a3451ea
MWA/MW6_0.DAT	file	30907	58813	0x00	extracted	24ec391779b9d3ee387a48df0ff487a13dbe76472cf487a9b70550884a332338
MWA/MW7_0.DAT	file	30936	33911	0x00	extracted	9bdef9dfe3a601eeebc0112396f6622bda67ef6585129e17414f344671b4e837
MWA/MW8_0.DAT	file	30953	2640	0x00	extracted	b59fba8a17498bbef7b5de9bfaa0fad17c41b8fbcdded28dea7f789a2464f773
MWA/MW9_0.DAT	file	30955	11944	0x00	extracted	2ac569dd65a4227afecd41cfff581b5eaefd278a99f79ef55cedd1f93a884131
MWA/MWA_0.DAT	file	30961	6505	0x00	extracted	cc11aa4c2b47ef7d0f853c28730f4a4e39e6795f857a1910f6d593f6dab54575
MWA/MWB_0.DAT	file	30965	39937	0x00	extracted	1a86d5b4223729c8347b3f86acd04ea8b10896e5283789fc2f8461581502d417
MWA/MWC_0.DAT	file	30985	23818	0x00	extracted	0c84f24127532d81f5388d9eeb7028d126d7e2f5f24fe76c2328659679760a9a
NULL.DA	file	276570	27648000	0x00	outside-data-track	
PILOTDIC.BIN	file	486	36610	0x00	extracted	ced6634ea4e4645f89a3d05ad6274adc399c6e25b6c78afa927a519644076e64
ROBOTDIC.BIN	file	504	21693	0x00	extracted	17841c88e2ec58dfe66b80177b68ff18a7cdd049660443033655e30e449f03ba
SBDATA.BIN	file	515	277360	0x00	extracted	90ac199216aad23364955d72b643e2e9a44e4a0f03764e55078e1f51ec251af2
SCEDATA.BIN	file	651	641323	0x00	extracted	9f1f6559fe66d496e79c9754b6d00942050f8ba61e5c6f90cfd579b9c89f2299
SE_SEQ.BIN	file	5304	22639	0x00	extracted	8cfd753bd1c0327207b179de85f20376b0d4bf364f909508e45f857ab79029d3
SE_VAB.BIN	file	5316	2112528	0x00	extracted	0b9467ee80747a35ec1f7af2cdd09dc3bffaa1e6e47edccc07d5ffda4407f543
SLPS_005.50	file	24	946176	0x00	extracted	72062905696ec39575ed3593f3d3a93f6fc330263d7f1328afb76e737ac05a50
SYSTEM.CNF	file	23	61	0x00	extracted	b284fee0fe22a9c8074e4779743460a46163cb9caa07b4869e6379b70838da4b
VCE	dir	30997	2048	0x02	directory	
VCE/XA0.STR	file	30998	17989632	0x00	extracted	cbff84f0dc7f2b10717c903ec375cf06795e2111723868a08800d9584eead712
VCE/XA1.STR	file	39782	20480000	0x00	extracted	1d20d8f9b372ff5b88164c40f7274590f7f9c44d48fb7a796dabe314e85224c7
VCE/XA2.STR	file	49782	23330816	0x00	extracted	c3a5c3313d410968432e08b6d3bc46d84f0616015b755f0954cba9b5da86369b
VCE/XA3.STR	file	61174	26968064	0x00	extracted	98d6ea6c74aaee99367fb5867bee0b8711d0191c8be11cb55160eb730c8a039c
VCE/XA4.STR	file	74342	33816576	0x00	extracted	a1933a33cf6028c29bc639fb276ae7a3d55829084a7f9011ca055d15f507f898
VCE/XA5.STR	file	90854	43646976	0x00	extracted	e1ffb4a91624e2e081306c88399548fe173607c19d5e36651c31e4cdcce18586
VCE/XA6.STR	file	112166	53837824	0x00	extracted	4e7c06f3c1df04f4ed05fb7d2d3d9cfa1d39501a85748dc5c1b147a0fdcbf587
VCE/XA7.STR	file	138454	126058496	0x00	extracted	6f5e686870f67d802811e5b97cb4772888713badeae192834ff1c0224ce3aa9d
