glyph_index	message_bytes	character	confidence	source	nearest_distance	ocr
0x000	F0 00	腕	verified	complete_box_exact	0	腕:2
0x001	F0 01	切	verified	complete_box_exact	0	切:3
0x002	F0 02	刻	verified	complete_box_exact	0	刻:3
0x003	F0 03	直	verified	complete_box_exact	0	直:3
0x004	F0 04	撃	verified	complete_box_exact	0	撃:3
0x005	F0 05	大	verified	complete_box_exact	0	大:3
0x006	F0 06	程	verified	complete_box_exact	0	程:3
0x007	F0 07	度	verified	complete_box_exact	0	度:3
0x008	F0 08	遠	verified	complete_box_exact	0	遠:3
0x009	F0 09	威	verified	complete_box_exact	0	威:3
0x00A	F0 0A	圧	verified	complete_box_exact	0	圧:3
0x00B	F0 0B	感	verified	complete_box_exact	0	感:3
0x00C	F0 0C	沈	verified	complete_box_exact	0	沈:2
0x00D	F0 0D	以	verified	complete_box_exact	0	以:2
0x00E	F0 0E	上	verified	complete_box_exact	0	上:3
0x00F	F0 0F	死	verified	complete_box_exact	0	死:3
0x010	F0 10	終	verified	complete_box_exact	0	終:3
0x011	F0 11	受	high	bitmap_nearest+ocr	8	受:3
0x012	F0 12	落	verified	complete_box_exact	0	落:3
0x013	F0 13	効	verified	complete_box_exact	0	効:2
0x014	F0 14	射	verified	complete_box_exact	0	射:3
0x015	F0 15	距	verified	complete_box_exact	0	距:3
0x016	F0 16	離	verified	complete_box_exact	0	
0x017	F0 17	外	verified	complete_box_exact	0	外:3
0x018	F0 18	攻	verified	complete_box_exact	0	攻:3
0x019	F0 19	粒	verified	complete_box_exact	0	粒:3
0x01A	F0 1A	子	high	bitmap_nearest+ocr	1	子:3
0x01B	F0 1B	砲	verified	complete_box_exact	0	砲:3
0x01C	F0 1C	主	verified	complete_box_exact	0	主:3
0x01D	F0 1D	一	verified	complete_box_exact	0	一:3
0x01E	F0 1E	斉	verified	scenario_context_review	0	吝:2;斉:1
0x01F	F0 1F	発	verified	complete_box_exact	0	発:3
0x020	F0 20	総	verified	complete_box_exact	0	総:3
0x021	F0 21	員	verified	complete_box_exact	0	員:3
0x022	F0 22	退	verified	complete_box_exact	0	退:3
0x023	F0 23	避	verified	complete_box_exact	0	避:3
0x024	F0 24	隔	verified	complete_box_exact	0	隔:3
0x025	F0 25	壁	verified	complete_box_exact	0	壁:3
0x026	F0 26	消	high	bitmap_nearest+ocr	4	消:3
0x027	F0 27	化	medium	windows_ocr	13	化:3
0x028	F0 28	剤	verified	complete_box_exact	0	剤:3
0x029	F0 29	防	verified	complete_box_exact	0	防:3
0x02A	F0 2A	御	verified	complete_box_exact	0	御:3
0x02B	F0 2B	何	verified	complete_box_exact	0	何:3
0x02C	F0 2C	火	verified	complete_box_exact	0	火:3
0x02D	F0 2D	作	verified	complete_box_exact	0	作:3
0x02E	F0 2E	業	verified	complete_box_exact	0	業:3
0x02F	F0 2F	急	verified	complete_box_exact	0	急:3
0x030	F0 30	手	verified	complete_box_exact	0	手:2
0x031	F0 31	弾	verified	complete_box_exact	0	弾:2
0x032	F0 32	幕	high	bitmap_nearest+ocr	15	幕:2
0x033	F0 33	薄	high	bitmap_nearest+ocr	8	薄:3
0x034	F0 34	体	verified	complete_box_exact	0	体:3
0x035	F0 35	動	verified	complete_box_exact	0	動:3
0x036	F0 36	狙	verified	complete_box_exact	0	狙:3
0x037	F0 37	掃	high	bitmap_nearest+ocr	4	掃:3
0x038	F0 38	除	verified	complete_box_exact	0	除:3
0x039	F0 39	生	verified	complete_box_exact	0	生:3
0x03A	F0 3A	意	verified	complete_box_exact	0	意:3
0x03B	F0 3B	気	verified	complete_box_exact	0	気:3
0x03C	F0 3C	時	verified	complete_box_exact	0	時:3
0x03D	F0 3D	数	verified	complete_box_exact	0	数:3
0x03E	F0 3E	減	medium	windows_ocr	10	減:3
0x03F	F0 3F	実	medium	windows_ocr	19	実:3
0x040	F0 40	戦	verified	complete_box_exact	0	戦:3
0x041	F0 41	入	verified	complete_box_exact	0	人:3
0x042	F0 42	力	verified	complete_box_exact	0	カ:3
0x043	F0 43	進	verified	complete_box_exact	0	進:3
0x044	F0 44	脱	verified	complete_box_exact	0	脱:3
0x045	F0 45	出	verified	complete_box_exact	0	出:3
0x046	F0 46	反	verified	complete_box_exact	0	反:3
0x047	F0 47	不	verified	complete_box_exact	0	不:3
0x048	F0 48	可	verified	complete_box_exact	0	可:3
0x049	F0 49	能	verified	complete_box_exact	0	能:3
0x04A	F0 4A	足	verified	complete_box_exact	0	足:3
0x04B	F0 4B	返	medium	windows_ocr	29	返:3
0x04C	F0 4C	絶	verified	complete_box_exact	0	絶:3
0x04D	F0 4D	対	verified	complete_box_exact	0	対:3
0x04E	F0 4E	許	verified	complete_box_exact	0	許:3
0x04F	F0 4F	竹	verified	complete_box_exact	0	竹:3
0x050	F0 50	尾	verified	complete_box_exact	0	尾:3
0x051	F0 51	太	verified	complete_box_exact	0	太:3
0x052	F0 52	男	verified	complete_box_exact	0	男:3
0x053	F0 53	傷	high	bitmap_nearest+ocr	1	傷:3
0x054	F0 54	安	verified	complete_box_exact	0	安:3
0x055	F0 55	全	verified	complete_box_exact	0	全:3
0x056	F0 56	確	verified	complete_box_exact	0	確:3
0x057	F0 57	認	verified	complete_box_exact	0	詔:3
0x058	F0 58	係	verified	complete_box_exact	0	係:3
0x059	F0 59	長	verified	complete_box_exact	0	長:3
0x05A	F0 5A	今	verified	complete_box_exact	0	今:3
0x05B	F0 5B	値	verified	complete_box_exact	0	値:3
0x05C	F0 5C	段	medium	windows_ocr	30	段:3
0x05D	F0 5D	考	verified	complete_box_exact	0	考:3
0x05E	F0 5E	慎	high	bitmap_nearest+ocr	11	慎:3
0x05F	F0 5F	重	verified	complete_box_exact	0	重:3
0x060	F0 60	最	verified	complete_box_exact	0	最:3
0x061	F0 61	無	verified	complete_box_exact	0	無:3
0x062	F0 62	駄	verified	complete_box_exact	0	駄:3
0x063	F0 63	悪	verified	complete_box_exact	0	悪:3
0x064	F0 64	前	verified	complete_box_exact	0	前:3
0x065	F0 65	達	verified	complete_box_exact	0	達:3
0x066	F0 66	機	high	bitmap_nearest+ocr	3	機:1
0x067	F0 67	敵	verified	complete_box_exact	0	敵:3
0x068	F0 68	所	verified	complete_box_exact	0	所:3
0x069	F0 69	状	verified	complete_box_exact	0	状:3
0x06A	F0 6A	態	verified	complete_box_exact	0	態:3
0x06B	F0 6B	使	high	bitmap_nearest+ocr	6	使:3
0x06C	F0 6C	用	verified	complete_box_exact	0	用:3
0x06D	F0 6D	光	verified	complete_box_exact	0	光:3
0x06E	F0 6E	翼	verified	complete_box_exact	0	翼:3
0x06F	F0 6F	好	verified	complete_box_exact	0	好:3
0x070	F0 70	世	verified	complete_box_exact	0	世:3
0x071	F0 71	危	verified	complete_box_exact	0	危:3
0x072	F0 72	険	verified	complete_box_exact	0	険:3
0x073	F0 73	負	verified	complete_box_exact	0	負:3
0x074	F0 74	卑	verified	complete_box_exact	0	卑:3
0x075	F0 75	怯	verified	complete_box_exact	0	怯:3
0x076	F0 76	等	verified	complete_box_exact	0	等:3
0x077	F0 77	丈	verified	complete_box_exact	0	丈:3
0x078	F0 78	夫	verified	complete_box_exact	0	夫:3
0x079	F0 79	俺	high	bitmap_nearest+ocr	4	俺:3
0x07A	F0 7A	倒	verified	complete_box_exact	0	倒:3
0x07B	F0 7B	元	verified	complete_box_exact	0	元:3
0x07C	F0 7C	回	verified	complete_box_exact	0	ロ:3
0x07D	F0 7D	繰	verified	complete_box_exact	0	繰:3
0x07E	F0 7E	限	verified	complete_box_exact	0	限:3
0x07F	F0 7F	界	verified	complete_box_exact	0	界:3
0x080	F0 80	合	verified	complete_box_exact	0	合:3
0x081	F0 81	隊	verified	complete_box_exact	0	隊:3
0x082	F0 82	勝	verified	complete_box_exact	0	勝:3
0x083	F0 83	本	verified	complete_box_exact	0	本:3
0x084	F0 84	凄	medium	windows_ocr	22	凄:3
0x085	F0 85	者	verified	complete_box_exact	0	者:3
0x086	F0 86	強	verified	complete_box_exact	0	
0x087	F0 87	汚	verified	complete_box_exact	0	汚:3
0x088	F0 88	調	verified	complete_box_exact	0	調:3
0x089	F0 89	乗	high	bitmap_nearest+ocr	2	乗:3
0x08A	F0 8A	場	verified	complete_box_exact	0	場:3
0x08B	F0 8B	真	high	bitmap_nearest+ocr	6	真:3
0x08C	F0 8C	先	verified	complete_box_exact	0	先:3
0x08D	F0 8D	耐	verified	complete_box_exact	0	耐:3
0x08E	F0 8E	違	medium	windows_ocr	32	違:3
0x08F	F0 8F	過	verified	complete_box_exact	0	過:3
0x090	F0 90	特	verified	complete_box_exact	0	特:3
0x091	F0 91	持	verified	complete_box_exact	0	持:3
0x092	F0 92	止	verified	complete_box_exact	0	止:3
0x093	F0 93	思	high	bitmap_nearest+ocr	1	思:3
0x094	F0 94	笑	high	bitmap_nearest+ocr	2	笑:3
0x095	F0 95	近	verified	complete_box_exact	0	近:3
0x096	F0 96	造	verified	complete_box_exact	0	造:3
0x097	F0 97	兵	verified	complete_box_exact	0	兵:3
0x098	F0 98	士	verified	complete_box_exact	0	士:3
0x099	F0 99	取	verified	complete_box_exact	0	取:3
0x09A	F0 9A	誰	verified	complete_box_exact	0	誰:3
0x09B	F0 9B	逃	verified	complete_box_exact	0	逃:3
0x09C	F0 9C	教	verified	complete_box_exact	0	
0x09D	F0 9D	見	verified	complete_box_exact	0	見:3
0x09E	F0 9E	事	verified	complete_box_exact	0	事:3
0x09F	F0 9F	資	verified	complete_box_exact	0	資:3
0x0A0	F0 A0	格	high	bitmap_nearest+ocr	10	格:3
0x0A1	F0 A1	付	medium	complete_box_nearest	6	忖:3
0x0A2	F0 A2	殺	verified	complete_box_exact	0	殺:3
0x0A3	F0 A3	中	verified	complete_box_exact	0	中:3
0x0A4	F0 A4	佐	verified	complete_box_exact	0	佐:3
0x0A5	F0 A5	移	verified	complete_box_exact	0	移:3
0x0A6	F0 A6	非	verified	complete_box_exact	0	非:3
0x0A7	F0 A7	低	high	bitmap_nearest+ocr	1	低:3
0x0A8	F0 A8	下	verified	complete_box_exact	0	下:3
0x0A9	F0 A9	爆	verified	complete_box_exact	0	爆:3
0x0AA	F0 AA	有	verified	complete_box_exact	0	有:3
0x0AB	F0 AB	簡	verified	complete_box_exact	0	簡:3
0x0AC	F0 AC	単	verified	complete_box_exact	0	単:3
0x0AD	F0 AD	奴	verified	complete_box_exact	0	娘:3
0x0AE	F0 AE	驚	verified	scenario_context_review	13	
0x0AF	F0 AF	供	high	bitmap_nearest+ocr	7	供:3
0x0B0	F0 B0	灰	verified	complete_box_exact	0	灰:3
0x0B1	F0 B1	鈴	medium	windows_ocr	25	鈴:3
0x0B2	F0 B2	聞	verified	complete_box_exact	0	聞:3
0x0B3	F0 B3	刺	medium	windows_ocr	8	刺:3
0x0B4	F0 B4	後	verified	complete_box_exact	0	後:3
0x0B5	F0 B5	悔	verified	complete_box_exact	0	梅:3
0x0B6	F0 B6	追	high	bitmap_nearest+ocr	14	追:3
0x0B7	F0 B7	腹	high	bitmap_nearest+ocr	3	腹:3
0x0B8	F0 B8	立	verified	complete_box_exact	0	立:3
0x0B9	F0 B9	関	verified	complete_box_exact	0	関:3
0x0BA	F0 BA	刃	verified	complete_box_exact	0	刃:3
0x0BB	F0 BB	首	medium	windows_ocr	21	首:3
0x0BC	F0 BC	与	verified	complete_box_exact	0	与:3
0x0BD	F0 BD	甘	verified	complete_box_exact	0	甘:3
0x0BE	F0 BE	遅	verified	complete_box_exact	0	
0x0BF	F0 BF	坊	verified	complete_box_exact	0	坊:3
0x0C0	F0 C0	接	verified	complete_box_exact	0	接:3
0x0C1	F0 C1	恐	high	bitmap_nearest+ocr	14	恐:2
0x0C2	F0 C2	運	verified	complete_box_exact	0	運:2
0x0C3	F0 C3	諮	low	windows_ocr	24	諮:1
0x0C4	F0 C4	当	verified	complete_box_exact	0	当:3
0x0C5	F0 C5	魂	medium	windows_ocr	32	魂:3
0x0C6	F0 C6	人	verified	complete_box_exact	0	人:3
0x0C7	F0 C7	二	verified	complete_box_exact	0	-:2;ニ:1
0x0C8	F0 C8	押	verified	complete_box_exact	0	押:3
0x0C9	F0 C9	貴	verified	complete_box_exact	0	貴:3
0x0CA	F0 CA	様	verified	complete_box_exact	0	様:3
0x0CB	F0 CB	処	medium	windows_ocr	27	処:3
0x0CC	F0 CC	空	verified	complete_box_exact	0	空:3
0x0CD	F0 CD	精	verified	complete_box_exact	0	精:3
0x0CE	F0 CE	杯	high	bitmap_nearest+ocr	6	杯:3
0x0CF	F0 CF	情	verified	complete_box_exact	0	情:3
0x0D0	F0 D0	左	verified	complete_box_exact	0	左:3
0x0D1	F0 D1	舷	verified	complete_box_exact	0	舷:2
0x0D2	F0 D2	打	high	bitmap_nearest+ocr	2	打:2
0x0D3	F0 D3	助	verified	complete_box_exact	0	助:3
0x0D4	F0 D4	迎	medium	windows_ocr	21	迎:3
0x0D5	F0 D5	絡	verified	complete_box_exact	0	絡:3
0x0D6	F0 D6	壊	verified	complete_box_exact	0	壊:3
0x0D7	F0 D7	輝	verified	complete_box_exact	0	輝:3
0x0D8	F0 D8	叫	verified	complete_box_exact	0	叫:3
0x0D9	F0 D9	砕	high	bitmap_nearest+ocr	16	砕:3
0x0DA	F0 DA	必	verified	complete_box_exact	0	必:3
0x0DB	F0 DB	潰	medium	windows_ocr	25	潰:3
0x0DC	F0 DC	愛	verified	complete_box_exact	0	愛:3
0x0DD	F0 DD	激	verified	complete_box_exact	0	激:3
0x0DE	F0 DE	怒	verified	complete_box_exact	0	慈:3
0x0DF	F0 DF	悲	high	bitmap_nearest+ocr	1	悲:3
0x0E0	F0 E0	破	verified	complete_box_exact	0	破:3
0x0E1	F0 E1	斬	high	bitmap_nearest+ocr	11	斬:2
0x0E2	F0 E2	肘	verified	complete_box_exact	0	肘:2
0x0E3	F0 E3	裏	high	bitmap_nearest+ocr	14	裏:3
0x0E4	F0 E4	拳	medium	windows_ocr	30	拳:3
0x0E5	F0 E5	正	verified	complete_box_exact	0	正:3
0x0E6	F0 E6	超	verified	complete_box_exact	0	超:3
0x0E7	F0 E7	級	high	bitmap_nearest+ocr	1	級:3
0x0E8	F0 E8	覇	high	bitmap_nearest+ocr	7	覇:3
0x0E9	F0 E9	王	verified	complete_box_exact	0	王:3
0x0EA	F0 EA	電	verified	complete_box_exact	0	電:3
0x0EB	F0 EB	影	verified	complete_box_exact	0	影:3
0x0EC	F0 EC	赤	verified	complete_box_exact	0	赤:3
0x0ED	F0 ED	熱	verified	complete_box_exact	0	熱:3
0x0EE	F0 EE	燃	verified	complete_box_exact	0	燃:3
0x0EF	F0 EF	利	verified	complete_box_exact	0	利:3
0x0F0	F0 F0	轟	low	windows_ocr	33	轟:1
0x0F1	F0 F1	流	verified	complete_box_exact	0	流:2
0x0F2	F0 F2	派	high	bitmap_nearest+ocr	7	派:2
0x0F3	F0 F3	東	verified	complete_box_exact	0	東:3
0x0F4	F0 F4	方	verified	complete_box_exact	0	方:3
0x0F5	F0 F5	敗	verified	complete_box_exact	0	敗:3
0x0F6	F0 F6	名	verified	complete_box_exact	0	
0x0F7	F0 F7	少	verified	complete_box_exact	0	少:3
0x0F8	F0 F8	理	verified	complete_box_exact	0	理:3
0x0F9	F0 F9	分	high	bitmap_nearest+ocr	4	分:3
0x0FA	F0 FA	身	verified	complete_box_exact	0	身:3
0x0FB	F0 FB	知	verified	complete_box_exact	0	知:3
0x0FC	F0 FC	秘	high	bitmap_nearest+ocr	9	秘:3
0x0FD	F0 FD	技	verified	scenario_context_review	5	技:3
0x0FE	F0 FE	十	verified	complete_box_exact	0	十:3
0x0FF	F0 FF	牌	verified	complete_box_exact	0	牌:3
0x100	F1 00	車	verified	complete_box_exact	0	車:3
0x101	F1 01	帰	verified	complete_box_exact	0	帰:3
0x102	F1 02	山	verified	complete_box_exact	0	山:3
0x103	F1 03	紅	verified	complete_box_exact	0	紅:3
0x104	F1 04	輪	verified	complete_box_exact	0	輪:3
0x105	F1 05	輿	high	bitmap_nearest+ocr	5	輿:3
0x106	F1 06	義	verified	complete_box_exact	0	義:3
0x107	F1 07	石	verified	complete_box_exact	0	石:3
0x108	F1 08	天	verified	complete_box_exact	0	天:3
0x109	F1 09	酔	verified	complete_box_exact	0	酔:3
0x10A	F1 0A	舞	verified	complete_box_exact	0	舞:3
0x10B	F1 0B	再	medium	windows_ocr	19	再:3
0x10C	F1 0C	現	verified	complete_box_exact	0	現:2
0x10D	F1 0D	江	verified	complete_box_exact	0	江:3
0x10E	F1 0E	湖	verified	complete_box_exact	0	湖:3
0x10F	F1 0F	似	high	bitmap_nearest+ocr	6	似:3
0x110	F1 10	次	verified	complete_box_exact	0	次:3
0x111	F1 11	々	medium	windows_ocr	23	々:3
0x112	F1 12	引	verified	complete_box_exact	0	引:3
0x113	F1 13	導	verified	complete_box_exact	0	導:3
0x114	F1 14	渡	verified	complete_box_exact	0	渡:3
0x115	F1 15	然	medium	windows_ocr	21	然:3
0x116	F1 16	常	verified	complete_box_exact	0	常:3
0x117	F1 17	残	verified	complete_box_exact	0	残:3
0x118	F1 18	及	verified	complete_box_exact	0	及:3
0x119	F1 19	口	verified	complete_box_exact	0	ロ:3
0x11A	F1 1A	英	high	bitmap_nearest+ocr	10	英:3
0x11B	F1 1B	雄	verified	complete_box_exact	0	雄:3
0x11C	F1 1C	修	verified	complete_box_exact	0	修:3
0x11D	F1 1D	羅	verified	complete_box_exact	0	羅:3
0x11E	F1 1E	道	verified	complete_box_exact	0	道:3
0x11F	F1 1F	抜	verified	complete_box_exact	0	抜:3
0x120	F1 20	小	verified	complete_box_exact	0	小:3
0x121	F1 21	僧	verified	complete_box_exact	0	僧:3
0x122	F1 22	捕	high	bitmap_nearest+ocr	2	捕:3
0x123	F1 23	搭	medium	windows_ocr	27	搭:3
0x124	F1 24	虹	verified	complete_box_exact	0	虹:3
0x125	F1 25	色	high	bitmap_nearest+ocr	5	色:3
0x126	F1 26	脚	high	bitmap_nearest+ocr	4	脚:3
0x127	F1 27	銀	high	bitmap_nearest+ocr	8	銀:3
0x128	F1 28	矢	high	bitmap_nearest+ocr	13	矢:3
0x129	F1 29	仕	medium	windows_ocr	7	仕:3
0x12A	F1 2A	留	high	bitmap_nearest+ocr	1	留:3
0x12B	F1 2B	女	verified	complete_box_exact	0	女:3
0x12C	F1 2C	装	verified	complete_box_exact	0	装:3
0x12D	F1 2D	備	high	bitmap_nearest+ocr	14	備:3
0x12E	F1 2E	推	verified	complete_box_exact	0	推:3
0x12F	F1 2F	異	verified	complete_box_exact	0	異:3
0x130	F1 30	各	high	bitmap_nearest+ocr	16	各:3
0x131	F1 31	部	verified	complete_box_exact	0	部:3
0x132	F1 32	余	verified	complete_box_exact	0	余:3
0x133	F1 33	裕	verified	complete_box_exact	0	裕:3
0x134	F1 34	軍	verified	complete_box_exact	0	軍:3
0x135	F1 35	命	verified	complete_box_exact	0	命:3
0x136	F1 36	面	verified	complete_box_exact	0	面:3
0x137	F1 37	白	verified	complete_box_exact	0	白:3
0x138	F1 38	挑	high	bitmap_nearest+ocr	13	挑:2;姚:1
0x139	F1 39	応	verified	complete_box_exact	0	応:3
0x13A	F1 3A	範	verified	complete_box_exact	0	範:3
0x13B	F1 3B	囲	verified	complete_box_exact	0	囲:3
0x13C	F1 3C	散	high	bitmap_nearest+ocr	1	散:3
0x13D	F1 3D	布	verified	complete_box_exact	0	布:3
0x13E	F1 3E	待	verified	complete_box_exact	0	待:3
0x13F	F1 3F	向	verified	complete_box_exact	0	向:3
0x140	F1 40	決	verified	complete_box_exact	0	決:3
0x141	F1 41	着	verified	complete_box_exact	0	着:3
0x142	F1 42	覚	high	bitmap_nearest+ocr	1	覚:3
0x143	F1 43	梧	verified	complete_box_exact	0	梧:3
0x144	F1 44	堂	verified	complete_box_exact	0	堂:3
0x145	F1 45	容	high	bitmap_nearest+ocr	10	容:3
0x146	F1 46	赦	high	bitmap_nearest+ocr	1	赦:3
0x147	F1 47	愚	medium	windows_ocr	18	愚:3
0x148	F1 48	去	verified	complete_box_exact	0	去:3
0x149	F1 49	地	verified	complete_box_exact	0	地:3
0x14A	F1 4A	球	verified	complete_box_exact	0	球:3
0x14B	F1 4B	断	verified	complete_box_exact	0	断:3
0x14C	F1 4C	恥	high	bitmap_nearest+ocr	3	恥:3
0x14D	F1 4D	礼	verified	complete_box_exact	0	礼:3
0x14E	F1 4E	我	verified	complete_box_exact	0	我:3
0x14F	F1 4F	逆	high	bitmap_nearest+ocr	2	逆:3
0x150	F1 50	星	verified	complete_box_exact	0	星:3
0x151	F1 51	満	verified	complete_box_exact	0	
0x152	F1 52	楽	high	bitmap_nearest+ocr	4	楽:3
0x153	F1 53	味	verified	complete_box_exact	0	味:3
0x154	F1 54	戻	verified	complete_box_exact	0	戻:3
0x155	F1 55	八	verified	complete_box_exact	0	八:3
0x156	F1 56	裂	verified	complete_box_exact	0	裂:3
0x157	F1 57	形	verified	complete_box_exact	0	形:3
0x158	F1 58	相	high	bitmap_nearest+ocr	3	相:3
0x159	F1 59	脳	medium	complete_box_nearest	6	悩:3
0x15A	F1 5A	痛	verified	complete_box_exact	0	痛:3
0x15B	F1 5B	鬼	verified	complete_box_exact	0	鬼:3
0x15C	F1 5C	獄	verified	complete_box_exact	0	獄:3
0x15D	F1 5D	送	high	bitmap_nearest+ocr	12	送:3
0x15E	F1 5E	字	verified	complete_box_exact	0	字:3
0x15F	F1 5F	遊	high	bitmap_nearest+ocr	3	遊:3
0x160	F1 60	狂	verified	complete_box_exact	0	狂:3
0x161	F1 61	美	verified	complete_box_exact	0	美:3
0x162	F1 62	顔	verified	complete_box_exact	0	顔:3
0x163	F1 63	計	verified	complete_box_exact	0	計:3
0x164	F1 64	算	verified	scenario_context_review	28	
0x165	F1 65	食	high	bitmap_nearest+ocr	2	食:3
0x166	F1 66	基	verified	complete_box_exact	0	基:3
0x167	F1 67	僕	high	bitmap_nearest+ocr	1	僕:3
0x168	F1 68	行	verified	complete_box_exact	0	行:3
0x169	F1 69	弱	medium	windows_ocr	35	弱:3
0x16A	F1 6A	目	verified	complete_box_exact	0	目:3
0x16B	F1 6B	脅	verified	complete_box_exact	0	脅:3
0x16C	F1 6C	通	verified	complete_box_exact	0	通:3
0x16D	F1 6D	突	verified	complete_box_exact	0	突:3
0x16E	F1 6E	型	verified	complete_box_exact	0	型:3
0x16F	F1 6F	速	verified	complete_box_exact	0	速:3
0x170	F1 70	魚	high	bitmap_nearest+ocr	1	魚:3
0x171	F1 71	雷	verified	complete_box_exact	0	雷:3
0x172	F1 72	線	verified	complete_box_exact	0	線:3
0x173	F1 73	腰	verified	complete_box_exact	0	腰:3
0x174	F1 74	炎	verified	complete_box_exact	0	炎:3
0x175	F1 75	親	high	bitmap_nearest+ocr	7	親:3
0x176	F1 76	暴	verified	complete_box_exact	0	暴:3
0x177	F1 77	魔	verified	complete_box_exact	0	魔:3
0x178	F1 78	竜	verified	complete_box_exact	0	竜:3
0x179	F1 79	金	verified	complete_box_exact	0	金:3
0x17A	F1 7A	属	verified	complete_box_exact	0	属:3
0x17B	F1 7B	胴	verified	complete_box_exact	0	胴:3
0x17C	F1 7C	亀	verified	scenario_context_review	21	
0x17D	F1 7D	叩	verified	complete_box_exact	0	叩:3
0x17E	F1 7E	詮	verified	complete_box_exact	0	詮:3
0x17F	F1 7F	血	verified	complete_box_exact	0	血:3
0x180	F1 80	祭	low	windows_ocr	30	祭:1
0x181	F1 81	優	verified	complete_box_exact	0	優:2
0x182	F1 82	雨	medium	windows_ocr	31	雨:2
0x183	F1 83	降	high	bitmap_nearest+ocr	4	降:2
0x184	F1 84	磁	verified	complete_box_exact	0	磁:3
0x185	F1 85	健	verified	complete_box_exact	0	
0x186	F1 86	剣	verified	complete_box_exact	0	剣:3
0x187	F1 87	文	verified	complete_box_exact	0	文:3
0x188	F1 88	唐	verified	complete_box_exact	0	唐:3
0x189	F1 89	割	verified	complete_box_exact	0	割:3
0x18A	F1 8A	吹	medium	windows_ocr	31	吹:3
0x18B	F1 8B	飛	verified	complete_box_exact	0	飛:3
0x18C	F1 8C	焼	verified	complete_box_exact	0	焼:3
0x18D	F1 8D	並	high	bitmap_nearest+ocr	8	並:3
0x18E	F1 8E	未	high	bitmap_nearest+ocr	1	未:3
0x18F	F1 8F	熟	high	bitmap_nearest+ocr	5	熟:2
0x190	F1 90	虫	verified	complete_box_exact	0	虫:3
0x191	F1 91	間	verified	complete_box_exact	0	間:3
0x192	F1 92	歯	high	bitmap_nearest+ocr	13	歯:3
0x193	F1 93	皆	verified	complete_box_exact	0	皆:3
0x194	F1 94	老	verified	complete_box_exact	0	老:3
0x195	F1 95	恨	medium	windows_ocr	9	恨:3
0x196	F1 96	込	verified	complete_box_exact	0	込:3
0x197	F1 97	徹	medium	windows_ocr	9	徹:3
0x198	F1 98	底	medium	windows_ocr	33	底:3
0x199	F1 99	的	verified	complete_box_exact	0	的:3
0x19A	F1 9A	料	high	bitmap_nearest+ocr	3	料:3
0x19B	F1 9B	心	verified	complete_box_exact	0	心:3
0x19C	F1 9C	続	high	bitmap_nearest+ocr	2	続:3
0x19D	F1 9D	牙	verified	complete_box_exact	0	牙:3
0x19E	F1 9E	忍	verified	complete_box_exact	0	忍:3
0x19F	F1 9F	亮	medium	windows_ocr	18	亮:3
0x1A0	F1 A0	言	verified	complete_box_exact	0	言:3
0x1A1	F1 A1	念	verified	complete_box_exact	0	念:3
0x1A2	F1 A2	照	medium	windows_ocr	28	照:3
0x1A3	F1 A3	準	high	bitmap_nearest+ocr	2	準:3
0x1A4	F1 A4	冷	high	bitmap_nearest+ocr	2	冷:3
0x1A5	F1 A5	凍	verified	complete_box_exact	0	凍:3
0x1A6	F1 A6	任	high	bitmap_nearest+ocr	6	任:3
0x1A7	F1 A7	雪	verified	complete_box_exact	0	雪:3
0x1A8	F1 A8	良	medium	windows_ocr	18	良:3
0x1A9	F1 A9	失	verified	complete_box_exact	0	夫:3
0x1AA	F1 AA	高	verified	complete_box_exact	0	高:3
0x1AB	F1 AB	望	high	bitmap_nearest+ocr	11	望:3
0x1AC	F1 AC	震	high	bitmap_nearest+ocr	3	震:3
0x1AD	F1 AD	野	medium	windows_ocr	34	野:3
0x1AE	F1 AE	郎	verified	scenario_context_review	16	即:3
0x1AF	F1 AF	兜	verified	complete_box_exact	0	兜:3
0x1B0	F1 B0	編	verified	complete_box_exact	0	編:2;偏:1
0x1B1	F1 B1	第	high	bitmap_nearest+ocr	12	第:3
0x1B2	F1 B2	話	medium	windows_ocr	22	話:3
0x1B3	F1 B3	染	high	bitmap_nearest+ocr	10	染:3
0x1B4	F1 B4	類	medium	windows_ocr	28	類:3
0x1B5	F1 B5	宇	verified	complete_box_exact	0	宇:3
0x1B6	F1 B6	宙	verified	complete_box_exact	0	宙:3
0x1B7	F1 B7	民	high	bitmap_nearest+ocr	9	民:3
0x1B8	F1 B8	代	verified	complete_box_exact	0	代:3
0x1B9	F1 B9	同	verified	complete_box_exact	0	同:3
0x1BA	F1 BA	争	verified	complete_box_exact	0	争:3
0x1BB	F1 BB	歴	high	bitmap_nearest+ocr	6	歴:3
0x1BC	F1 BC	史	high	bitmap_nearest+ocr	7	史:3
0x1BD	F1 BD	自	verified	complete_box_exact	0	自:3
0x1BE	F1 BE	治	verified	complete_box_exact	0	治:2;、:1
0x1BF	F1 BF	新	verified	complete_box_exact	0	新:3
0x1C0	F1 C0	環	medium	windows_ocr	20	環:3
0x1C1	F1 C1	境	verified	complete_box_exact	0	境:3
0x1C2	F1 C2	適	verified	complete_box_exact	0	適:3
0x1C3	F1 C3	暮	verified	complete_box_exact	0	暮:3
0x1C4	F1 C4	来	high	bitmap_nearest+ocr	3	来:3
0x1C5	F1 C5	信	verified	complete_box_exact	0	信:3
0x1C6	F1 C6	闘	high	bitmap_nearest+ocr	3	闘:3
0x1C7	F1 C7	森	verified	complete_box_exact	0	森:3
0x1C8	F1 C8	林	medium	windows_ocr	19	林:3
0x1C9	F1 C9	帯	verified	complete_box_exact	0	帯:3
0x1CA	F1 CA	条	verified	complete_box_exact	0	条:3
0x1CB	F1 CB	件	medium	windows_ocr	11	件:3
0x1CC	F1 CC	延	verified	complete_box_exact	0	延:3
0x1CD	F1 CD	台	high	bitmap_nearest+ocr	8	台:3
0x1CE	F1 CE	詞	verified	complete_box_exact	0	詞:2;可:1
0x1CF	F1 CF	緊	high	bitmap_nearest+ocr	1	緊:3
0x1D0	F1 D0	連	high	bitmap_nearest+ocr	5	連:3
0x1D1	F1 D1	操	high	complete_box_nearest	2	橾:3
0x1D2	F1 D2	縦	verified	complete_box_exact	0	縦:3
0x1D3	F1 D3	路	high	bitmap_nearest+ocr	1	路:3
0x1D4	F1 D4	収	verified	complete_box_exact	0	取:3
0x1D5	F1 D5	君	verified	complete_box_exact	0	君:3
0x1D6	F1 D6	探	medium	windows_ocr	29	探:3
0x1D7	F1 D7	泣	high	bitmap_nearest+ocr	11	泣:3
0x1D8	F1 D8	休	medium	windows_ocr	22	休:3
0x1D9	F1 D9	晴	verified	complete_box_exact	0	晴:3
0x1DA	F1 DA	風	verified	complete_box_exact	0	風:3
0x1DB	F1 DB	変	medium	windows_ocr	20	変:3
0x1DC	F1 DC	街	verified	complete_box_exact	0	街:3
0x1DD	F1 DD	伯	verified	complete_box_exact	0	伯:3
0x1DE	F1 DE	爵	high	bitmap_nearest+ocr	7	爵:1
0x1DF	F1 DF	昨	high	bitmap_nearest+ocr	1	昨:3
0x1E0	F1 E0	日	verified	complete_box_exact	0	日:3
0x1E1	F1 E1	家	verified	complete_box_exact	0	家:3
0x1E2	F1 E2	別	high	bitmap_nearest+ocr	1	別:3
0x1E3	F1 E3	区	verified	complete_box_exact	0	区:3
0x1E4	F1 E4	権	high	bitmap_nearest+ocr	2	権:3
0x1E5	F1 E5	景	verified	complete_box_exact	0	景:3
0x1E6	F1 E6	固	verified	complete_box_exact	0	固:3
0x1E7	F1 E7	工	medium	windows_ocr	10	工:3
0x1E8	F1 E8	会	verified	complete_box_exact	0	会:3
0x1E9	F1 E9	約	high	bitmap_nearest+ocr	10	約:3
0x1EA	F1 EA	束	verified	complete_box_exact	0	東:3
0x1EB	F1 EB	図	medium	windows_ocr	20	図:3
0x1EC	F1 EC	昔	verified	complete_box_exact	0	昔:3
0x1ED	F1 ED	音	verified	complete_box_exact	0	音:3
0x1EE	F1 EE	虎	high	bitmap_nearest+ocr	4	虎:3
0x1EF	F1 EF	虚	high	bitmap_nearest+ocr	1	虚:3
0x1F0	F1 F0	途	medium	windows_ocr	25	途:3
0x1F1	F1 F1	報	high	bitmap_nearest+ocr	13	報:3
0x1F2	F1 F2	告	verified	complete_box_exact	0	告:3
0x1F3	F1 F3	申	verified	complete_box_exact	0	申:3
0x1F4	F1 F4	尉	verified	complete_box_exact	0	尉:3
0x1F5	F1 F5	務	medium	windows_ocr	19	務:3
0x1F6	F1 F6	果	verified	complete_box_exact	0	果:3
0x1F7	F1 F7	国	verified	complete_box_exact	0	国:3
0x1F8	F1 F8	経	high	bitmap_nearest+ocr	10	経:3
0x1F9	F1 F9	験	verified	complete_box_exact	0	験:3
0x1FA	F1 FA	党	verified	complete_box_exact	0	党:3
0x1FB	F1 FB	密	high	bitmap_nearest+ocr	4	密:3
0x1FC	F1 FC	暗	verified	complete_box_exact	0	暗:3
0x1FD	F1 FD	沢	medium	windows_ocr	22	沢:3
0x1FE	F1 FE	抵	medium	complete_box_nearest	5	
0x1FF	F1 FF	抗	medium	complete_box_nearest	4	杭:3
0x200	F2 00	犠	verified	complete_box_exact	0	犠:3
0x201	F2 01	牲	high	bitmap_nearest+ocr	6	牲:3
0x202	F2 02	整	high	bitmap_nearest+ocr	7	整:3
0x203	F2 03	規	high	bitmap_nearest+ocr	1	規:3
0x204	F2 04	邦	medium	windows_ocr	33	邦:3
0x205	F2 05	喝	high	bitmap_nearest+ocr	7	喝:3
0x206	F2 06	夜	high	bitmap_nearest+ocr	15	夜:2;亡:1
0x207	F2 07	閉	high	bitmap_nearest+ocr	2	閉:3
0x208	F2 08	開	high	bitmap_nearest+ocr	10	開:3
0x209	F2 09	神	verified	complete_box_exact	0	神:3
0x20A	F2 0A	浮	high	bitmap_nearest+ocr	16	浮:3
0x20B	F2 0B	解	verified	complete_box_exact	0	解:3
0x20C	F2 0C	号	verified	complete_box_exact	0	号:3
0x20D	F2 0D	波	high	bitmap_nearest+ocr	8	波:3
0x20E	F2 0E	始	high	bitmap_nearest+ocr	14	始:3
0x20F	F2 0F	頭	verified	complete_box_exact	0	頭:2
0x210	F2 10	加	high	bitmap_nearest+ocr	15	加:3
0x211	F2 11	答	verified	complete_box_exact	0	答:3
0x212	F2 12	傍	medium	complete_box_nearest	3	榜:3
0x213	F2 13	呼	high	bitmap_nearest+ocr	15	呼:3
0x214	F2 14	陸	medium	windows_ocr	27	陸:3
0x215	F2 15	痺	high	bitmap_nearest+ocr	11	痺:3
0x216	F2 16	頼	high	bitmap_nearest+ocr	6	頼:3
0x217	F2 17	苦	verified	complete_box_exact	0	苦:3
0x218	F2 18	労	verified	complete_box_exact	0	労:3
0x219	F2 19	荒	verified	complete_box_exact	0	荒:3
0x21A	F2 1A	朝	verified	complete_box_exact	0	朝:3
0x21B	F2 1B	歩	verified	complete_box_exact	0	歩:3
0x21C	F2 1C	起	high	bitmap_nearest+ocr	14	起:3
0x21D	F2 1D	訳	verified	complete_box_exact	0	訳:3
0x21E	F2 1E	提	high	bitmap_nearest+ocr	2	提:3
0x21F	F2 1F	示	high	bitmap_nearest+ocr	3	示:3
0x220	F2 20	指	medium	windows_ocr	11	指:3
0x221	F2 21	令	medium	windows_ocr	23	令:3
0x222	F2 22	伝	verified	complete_box_exact	0	伝:3
0x223	F2 23	列	medium	windows_ocr	29	列:3
0x224	F2 24	位	verified	scenario_context_review	13	値:3
0x225	F2 25	置	verified	complete_box_exact	0	置:3
0x226	F2 26	頃	verified	complete_box_exact	0	(:3
0x227	F2 27	警	medium	complete_box_nearest	4	暼:1
0x228	F2 28	旋	verified	complete_box_exact	0	旋:3
0x229	F2 29	振	verified	scenario_context_review	22	
0x22A	F2 2A	了	high	bitmap_nearest+ocr	4	了:3
0x22B	F2 2B	両	high	bitmap_nearest+ocr	4	両:3
0x22C	F2 2C	源	high	bitmap_nearest+ocr	4	源:3
0x22D	F2 2D	跡	high	bitmap_nearest+ocr	1	跡:3
0x22E	F2 2E	戒	high	bitmap_nearest+ocr	3	戒:3
0x22F	F2 2F	援	medium	windows_ocr	20	援:3
0x230	F2 30	難	verified	complete_box_exact	0	難:3
0x231	F2 31	軸	verified	complete_box_exact	0	軸:3
0x232	F2 32	性	verified	complete_box_exact	0	性:3
0x233	F2 33	触	verified	complete_box_exact	0	触:3
0x234	F2 34	武	high	bitmap_nearest+ocr	11	武:3
0x235	F2 35	器	verified	complete_box_exact	0	器:3
0x236	F2 36	日	medium	windows_ocr	22	日:3
0x237	F2 37	猫	high	bitmap_nearest+ocr	2	猫:3
0x238	F2 38	狐	verified	complete_box_exact	0	狐:3
0x239	F2 39	種	medium	windows_ocr	18	種:3
0x23A	F2 3A	集	verified	complete_box_exact	0	集:3
0x23B	F2 3B	三	verified	complete_box_exact	0	三:3
0x23C	F2 3C	故	medium	windows_ocr	27	故:3
0x23D	F2 3D	郷	high	bitmap_nearest+ocr	8	郷:3
0x23E	F2 3E	誇	verified	complete_box_exact	0	誇:3
0x23F	F2 3F	物	high	bitmap_nearest+ocr	3	物:3
0x240	F2 40	花	medium	windows_ocr	27	花:3
0x241	F2 41	鳴	verified	complete_box_exact	0	鳴:3
0x242	F2 42	却	high	bitmap_nearest+ocr	1	却:3
0x243	F2 43	噴	medium	windows_ocr	19	噴:3
0x244	F2 44	観	high	bitmap_nearest+ocr	11	観:3
0x245	F2 45	年	high	bitmap_nearest+ocr	3	年:3
0x246	F2 46	土	verified	complete_box_exact	0	土:3
0x247	F2 47	明	medium	windows_ocr	26	明:3
0x248	F2 48	広	verified	complete_box_exact	0	広:3
0x249	F2 49	隕	verified	complete_box_exact	0	隕:3
0x24A	F2 4A	査	verified	complete_box_exact	0	査:3
0x24B	F2 4B	結	high	bitmap_nearest+ocr	5	結:3
0x24C	F2 4C	判	medium	windows_ocr	25	判:3
0x24D	F2 4D	半	verified	complete_box_exact	0	半:3
0x24E	F2 4E	径	medium	windows_ocr	23	径:3
0x24F	F2 4F	定	high	bitmap_nearest+ocr	10	定:3
0x250	F2 50	撃	verified	complete_box_exact	0	君:3
0x251	F2 51	狼	high	bitmap_nearest+ocr	9	狼:3
0x252	F2 52	塔	high	complete_box_nearest	1	炬:3
0x253	F2 53	樌	verified	complete_box_exact	0	樌:3
0x254	F2 54	札	high	bitmap_nearest+ocr	4	札:3
0x255	F2 55	紙	medium	windows_ocr	23	紙:3
0x256	F2 56	宝	verified	complete_box_exact	0	宝:3
0x257	F2 57	客	high	bitmap_nearest+ocr	4	客:3
0x258	F2 58	写	high	bitmap_nearest+ocr	1	写:3
0x259	F2 59	表	medium	windows_ocr	17	表:3
0x25A	F2 5A	ケ	medium	windows_ocr	15	ケ:3
0x25B	F2 5B	月	medium	windows_ocr	25	月:3
0x25C	F2 5C	兄	medium	windows_ocr	24	兄:3
0x25D	F2 5D	弟	high	bitmap_nearest+ocr	13	弟:3
0x25E	F2 5E		unresolved	unresolved	42	
0x25F	F2 5F	滅	medium	windows_ocr	29	滅:3
0x260	F2 60	仲	high	bitmap_nearest+ocr	8	仲:3
0x261	F2 61	銃	high	bitmap_nearest+ocr	16	銃:3
0x262	F2 62	声	verified	complete_box_exact	0	声:3
0x263	F2 63	察	high	bitmap_nearest+ocr	11	察:3
0x264	F2 64	室	high	bitmap_nearest+ocr	5	室:3
0x265	F2 65	荷	verified	complete_box_exact	0	荷:3
0x266	F2 66	早	verified	complete_box_exact	0	早:3
0x267	F2 67	籍	verified	complete_box_exact	0	籍:3
0x268	F2 68	旅	medium	windows_ocr	32	旅:3
0x269	F2 69	内	high	bitmap_nearest+ocr	2	内:3
0x26A	F2 6A	忘	verified	complete_box_exact	0	忘:3
0x26B	F2 6B	疑	medium	windows_ocr	17	疑:3
0x26C	F2 6C	証	high	bitmap_nearest+ocr	2	証:3
0x26D	F2 6D	書	verified	complete_box_exact	0	害:3
0x26E	F2 6E	釈	verified	complete_box_exact	0	釈:3
0x26F	F2 6F	放	medium	windows_ocr	17	放:3
0x270	F2 70	屋	high	bitmap_nearest+ocr	4	屋:3
0x271	F2 71	母	medium	windows_ocr	31	母:3
0x272	F2 72	緒	medium	windows_ocr	21	緒:3
0x273	F2 73	画	high	bitmap_nearest+ocr	2	画:3
0x274	F2 74	揺	high	bitmap_nearest+ocr	2	揺:3
0x275	F2 75	横	medium	windows_ocr	21	横:3
0x276	F2 76	選	medium	windows_ocr	26	選:3
0x277	F2 77	欲	medium	windows_ocr	17	欲:3
0x278	F2 78	委	high	bitmap_nearest+ocr	4	委:3
0x279	F2 79	包	verified	complete_box_exact	0	包:3
0x27A	F2 7A	絞	high	bitmap_nearest+ocr	9	絞:3
0x27B	F2 7B	章	high	bitmap_nearest+ocr	13	章:3
0x27C	F2 7C	転	high	bitmap_nearest+ocr	1	転:3
0x27D	F2 7D	縮	verified	scenario_context_review	16	
0x27E	F2 7E	登	high	bitmap_nearest+ocr	4	登:3
0x27F	F2 7F	称	high	bitmap_nearest+ocr	16	称:3
0x280	F2 80	握	high	bitmap_nearest+ocr	2	握:3
0x281	F2 81	版	high	bitmap_nearest+ocr	11	版:3
0x282	F2 82	捨	high	bitmap_nearest+ocr	8	捨:3
0x283	F2 83	産	high	bitmap_nearest+ocr	8	産:3
0x284	F2 84	馬	high	bitmap_nearest+ocr	6	馬:3
0x285	F2 85	鹿	verified	complete_box_exact	0	鹿:3
0x286	F2 86	際	medium	complete_box_nearest	6	
0x287	F2 87	拾	high	bitmap_nearest+ocr	4	拾:3
0x288	F2 88	背	medium	windows_ocr	33	背:3
0x289	F2 89	復	medium	complete_box_nearest	5	恒:3
0x28A	F2 8A	守	high	bitmap_nearest+ocr	2	守:3
0x28B	F2 8B	原	high	bitmap_nearest+ocr	8	原:3
0x28C	F2 8C	則	high	bitmap_nearest+ocr	14	則:3
0x28D	F2 8D	誉	verified	complete_box_exact	0	誉:3
0x28E	F2 8E	補	high	bitmap_nearest+ocr	2	補:3
0x28F	F2 8F	試	medium	windows_ocr	36	試:3
0x290	F2 90	建	high	bitmap_nearest+ocr	10	建:3
0x291	F2 91	築	verified	complete_box_exact	0	築:3
0x292	F2 92	罪	high	bitmap_nearest+ocr	2	罪:3
0x293	F2 93	問	high	bitmap_nearest+ocr	10	問:3
0x294	F2 94	黒	verified	complete_box_exact	0	黒:3
0x295	F2 95	要	medium	windows_ocr	34	要:3
0x296	F2 96	領	medium	windows_ocr	23	領:3
0x297	F2 97	初	verified	scenario_context_review	19	柳:1
0x298	F2 98	競	verified	complete_box_exact	0	競:3
0x299	F2 99	張	medium	windows_ocr	18	張:3
0x29A	F2 9A	歳	medium	windows_ocr	22	歳:3
0x29B	F2 9B	題	high	bitmap_nearest+ocr	4	題:3
0x29C	F2 9C	測	verified	complete_box_exact	0	測:3
0x29D	F2 9D	響	low	complete_box_nearest	10	
0x29E	F2 9E	月	medium	windows_ocr	17	月:3
0x29F	F2 9F	千	medium	windows_ocr	10	千:3
0x2A0	F2 A0	他	medium	windows_ocr	22	他:3
0x2A1	F2 A1	局	verified	complete_box_exact	0	局:3
0x2A2	F2 A2	学	high	bitmap_nearest+ocr	14	学:3
0x2A3	F2 A3	校	medium	windows_ocr	14	校:3
0x2A4	F2 A4	菖	verified	complete_box_exact	0	菖:3
0x2A5	F2 A5	幸	high	bitmap_nearest+ocr	4	幸:3
0x2A6	F2 A6	揉	medium	windows_ocr	17	揉:3
0x2A7	F2 A7	活	medium	windows_ocr	22	活:3
0x2A8	F2 A8	礎	verified	complete_box_exact	0	礎:3
0x2A9	F2 A9	訓	high	bitmap_nearest+ocr	5	訓:3
0x2AA	F2 AA	練	medium	windows_ocr	18	練:3
0x2AB	F2 AB	番	high	bitmap_nearest+ocr	1	番:3
0x2AC	F2 AC	香	verified	complete_box_exact	0	香:3
0x2AD	F2 AD	嬉	verified	complete_box_exact	0	嬉:3
0x2AE	F2 AE	綺	medium	windows_ocr	23	綺:3
0x2AF	F2 AF	麗	verified	complete_box_exact	0	
0x2B0	F2 B0	普	medium	windows_ocr	19	普:3
0x2B1	F2 B1	寛	medium	windows_ocr	23	寛:3
0x2B2	F2 B2	縁	medium	complete_box_nearest	5	
0x2B3	F2 B3	飽	verified	complete_box_exact	0	飽:3
0x2B4	F2 B4	占	medium	windows_ocr	25	占:3
0x2B5	F2 B5	将	high	bitmap_nearest+ocr	1	将:3
0x2B6	F2 B6	冗	high	bitmap_nearest+ocr	8	冗:3
0x2B7	F2 B7	談	high	bitmap_nearest+ocr	6	談:3
0x2B8	F2 B8	議	medium	windows_ocr	23	議:3
0x2B9	F2 B9	静	verified	scenario_context_review	30	
0x2BA	F2 BA	席	verified	complete_box_exact	0	席:3
0x2BB	F2 BB	航	verified	complete_box_exact	0	航:3
0x2BC	F2 BC	海	medium	complete_box_nearest	5	一:2;尚:1
0x2BD	F2 BD	根	high	bitmap_nearest+ocr	4	根:3
0x2BE	F2 BE	拠	high	bitmap_nearest+ocr	12	拠:3
0x2BF	F2 BF	檍	medium	windows_ocr	13	檍:3
0x2C0	F2 C0	迫	high	bitmap_nearest+ocr	7	迫:3
0x2C1	F2 C1	予	medium	windows_ocr	21	予:3
0x2C2	F2 C2	胸	high	bitmap_nearest+ocr	10	胸:3
0x2C3	F2 C3	説	high	complete_box_nearest	2	
0x2C4	F2 C4	撒	medium	windows_ocr	11	撒:3
0x2C5	F2 C5	若	high	bitmap_nearest+ocr	15	若:3
0x2C6	F2 C6	勇	high	complete_box_nearest	1	
0x2C7	F2 C7	存	verified	complete_box_exact	0	存:3
0x2C8	F2 C8	在	high	bitmap_nearest+ocr	4	在:3
0x2C9	F2 C9	走	high	bitmap_nearest+ocr	10	走:3
0x2CA	F2 CA	磯	medium	windows_ocr	31	磯:3
0x2CB	F2 CB	洪	medium	windows_ocr	10	洪:3
0x2CC	F2 CC	洸	verified	complete_box_exact	0	1:1;先:1;光:1
0x2CD	F2 CD	配	medium	windows_ocr	17	配:3
0x2CE	F2 CE	模	high	bitmap_nearest+ocr	4	模:3
0x2CF	F2 CF	青	verified	complete_box_exact	0	青:3
0x2D0	F2 D0	絵	high	bitmap_nearest+ocr	12	絵:3
0x2D1	F2 D1	具	verified	complete_box_exact	0	具:3
0x2D2	F2 D2	黄	high	bitmap_nearest+ocr	14	黄:3
0x2D3	F2 D3	到	verified	scenario_context_review	22	
0x2D4	F2 D4	友	medium	windows_ocr	23	友:3
0x2D5	F2 D5	沖	verified	complete_box_exact	0	沖:3
0x2D6	F2 D6	久	verified	scenario_context_review	5	久:3
0x2D7	F2 D7	船	medium	windows_ocr	17	船:3
0x2D8	F2 D8	博	high	bitmap_nearest+ocr	4	博:3
0x2D9	F2 D9	息	high	bitmap_nearest+ocr	2	息:3
0x2DA	F2 DA	帝	verified	complete_box_exact	0	帝:3
0x2DB	F2 DB	肝	verified	complete_box_exact	0	肝:3
0x2DC	F2 DC	咼	medium	windows_ocr	11	咼:3
0x2DD	F2 DD	巻	medium	windows_ocr	21	巻:3
0x2DE	F2 DE	頂	high	bitmap_nearest+ocr	2	頂:3
0x2DF	F2 DF	点	high	bitmap_nearest+ocr	6	点:3
0x2E0	F2 E0	唱	medium	windows_ocr	21	唱:3
0x2E1	F2 E1	崩	medium	windows_ocr	29	崩:3
0x2E2	F2 E2	古	verified	complete_box_exact	0	古:3
0x2E3	F2 E3	蘇	high	complete_box_nearest	2	
0x2E4	F2 E4	邪	medium	windows_ocr	25	邪:3
0x2E5	F2 E5	展	high	bitmap_nearest+ocr	1	展:3
0x2E6	F2 E6	黙	high	bitmap_nearest+ocr	6	黙:3
0x2E7	F2 E7	参	high	bitmap_nearest+ocr	7	参:3
0x2E8	F2 E8	父	verified	complete_box_exact	0	(:3
0x2E9	F2 E9	稲	high	bitmap_nearest+ocr	5	稲:3
0x2EA	F2 EA	妻	verified	complete_box_exact	0	妻:3
0x2EB	F2 EB	巨	verified	complete_box_exact	0	巨:3
0x2EC	F2 EC	点	medium	windows_ocr	13	点:2
0x2ED	F2 ED	没	medium	windows_ocr	21	没:3
0x2EE	F2 EE	妖	high	bitmap_nearest+ocr	9	妖:3
0x2EF	F2 EF	爺	medium	windows_ocr	36	爺:3
0x2F0	F2 F0	記	medium	windows_ocr	15	記:3
0x2F1	F2 F1	録	high	bitmap_nearest+ocr	9	録:3
0x2F2	F2 F2	印	high	bitmap_nearest+ocr	3	印:3
0x2F3	F2 F3	創	verified	complete_box_exact	0	
0x2F4	F2 F4	構	high	bitmap_nearest+ocr	6	構:3
0x2F5	F2 F5	謎	medium	windows_ocr	20	謎:3
0x2F6	F2 F6	吸	high	bitmap_nearest+ocr	14	吸:3
0x2F7	F2 F7	穴	high	bitmap_nearest+ocr	14	穴:3
0x2F8	F2 F8	周	medium	windows_ocr	31	周:3
0x2F9	F2 F9	飲	verified	complete_box_exact	0	飲:3
0x2FA	F2 FA	栄	verified	complete_box_exact	0	栄:3
0x2FB	F2 FB	多	verified	scenario_context_review	32	名:3
0x2FC	F2 FC	川	high	complete_box_nearest	1	
0x2FD	F2 FD	鳥	verified	complete_box_exact	0	鳥:3
0x2FE	F2 FE	座	verified	complete_box_exact	0	座:3
0x2FF	F2 FF	河	verified	complete_box_exact	0	河:3
0x300	F3 00	系	medium	windows_ocr	21	系:3
0x301	F3 01	潜	high	bitmap_nearest+ocr	7	潜:3
0x302	F3 02	四	medium	windows_ocr	27	四:3
0x303	F3 03	科	medium	windows_ocr	21	科:3
0x304	F3 04	駆	verified	complete_box_exact	0	駆:3
0x305	F3 05	偉	medium	windows_ocr	24	偉:2;幃:1
0x306	F3 06	研	high	bitmap_nearest+ocr	7	研:3
0x307	F3 07	究	medium	windows_ocr	21	究:3
0x308	F3 08	住	medium	windows_ocr	20	住:3
0x309	F3 09	侵	high	bitmap_nearest+ocr	8	侵:3
0x30A	F3 0A	略	high	bitmap_nearest+ocr	7	略:3
0x30B	F3 0B	団	medium	windows_ocr	24	団:3
0x30C	F3 0C	征	high	bitmap_nearest+ocr	6	征:3
0x30D	F3 0D	服	medium	complete_box_nearest	3	朋:3
0x30E	F3 0E	標	high	bitmap_nearest+ocr	5	標:3
0x30F	F3 0F	陽	verified	complete_box_exact	0	陽:2
0x310	F3 10	畸	high	complete_box_nearest	2	崎:2;畸:1
0x311	F3 11	灯	medium	windows_ocr	28	灯:3
0x312	F3 12	紹	high	bitmap_nearest+ocr	14	紹:3
0x313	F3 13	介	high	bitmap_nearest+ocr	1	介:3
0x314	F3 14	港	verified	complete_box_exact	0	港:3
0x315	F3 15	撲	high	complete_box_nearest	2	樸:3
0x316	F3 16	才	verified	complete_box_exact	0	才:3
0x317	F3 17	釣	verified	complete_box_exact	0	釣:3
0x318	F3 18	趣	medium	windows_ocr	36	趣:3
0x319	F3 19	担	high	complete_box_nearest	2	旧:2;担:1
0x31A	F3 1A	養	medium	complete_box_nearest	4	
0x31B	F3 1B	逸	verified	complete_box_exact	0	逸:3
0x31C	F3 1C	設	high	bitmap_nearest+ocr	9	設:3
0x31D	F3 1D	彼	high	bitmap_nearest+ocr	11	彼:3
0x31E	F3 1E	茶	verified	complete_box_exact	0	茶:3
0x31F	F3 1F	素	high	bitmap_nearest+ocr	2	素:3
0x320	F3 20	拝	medium	windows_ocr	26	拝:3
0x321	F3 21	秒	high	bitmap_nearest+ocr	8	秒:3
0x322	F3 22	読	high	bitmap_nearest+ocr	4	読:3
0x323	F3 23	習	high	bitmap_nearest+ocr	2	習:3
0x324	F3 24	比	verified	complete_box_exact	0	比:3
0x325	F3 25		unresolved	unresolved	20	
0x326	F3 26	央	verified	complete_box_exact	0	央:3
0x327	F3 27	成	high	bitmap_nearest+ocr	8	成:3
0x328	F3 28	功	high	bitmap_nearest+ocr	3	功:3
0x329	F3 29	還	medium	complete_box_nearest	5	
0x32A	F3 2A	闇	verified	complete_box_exact	0	闇:3
0x32B	F3 2B	遥	verified	complete_box_exact	0	遥:3
0x32C	F3 2C	雲	high	bitmap_nearest+ocr	5	雲:3
0x32D	F3 2D	越	high	bitmap_nearest+ocr	6	越:3
0x32E	F3 2E	襲	high	bitmap_nearest+ocr	11	襲:3
0x32F	F3 2F	亡	high	bitmap_nearest+ocr	1	亡:3
0x330	F3 30	惑	high	bitmap_nearest+ocr	8	惑:3
0x331	F3 31	完	high	bitmap_nearest+ocr	16	完:3
0x332	F3 32	司	medium	windows_ocr	28	司:3
0x333	F3 33	官	high	bitmap_nearest+ocr	2	官:3
0x334	F3 34	揮	high	bitmap_nearest+ocr	2	揮:3
0x335	F3 35	隅	medium	windows_ocr	18	隅:3
0x336	F3 36	辺	high	bitmap_nearest+ocr	11	辺:3
0x337	F3 37	支	high	bitmap_nearest+ocr	3	支:3
0x338	F3 38	払	medium	windows_ocr	20	払:3
0x339	F3 39	岡	verified	complete_box_exact	0	岡:3
0x33A	F3 3A	衛	verified	scenario_context_review	18	衞:3
0x33B	F3 3B	圏	high	bitmap_nearest+ocr	3	圏:3
0x33C	F3 3C	肩	medium	windows_ocr	19	肩:3
0x33D	F3 3D	浜	high	bitmap_nearest+ocr	1	浜:3
0x33E	F3 3E	監	verified	scenario_context_review	35	
0x33F	F3 3F	視	high	bitmap_nearest+ocr	3	視:3
0x340	F3 40	円	verified	complete_box_exact	0	円:3
0x341	F3 41	盤	verified	complete_box_exact	0	盤:3
0x342	F3 42	群	verified	complete_box_exact	0	群:3
0x343	F3 43	剛	medium	windows_ocr	29	剛:3
0x344	F3 44	役	high	bitmap_nearest+ocr	14	役:3
0x345	F3 45	志	medium	windows_ocr	15	志:3
0x346	F3 46	共	verified	complete_box_exact	0	共:3
0x347	F3 47	至	high	bitmap_nearest+ocr	2	至:3
0x348	F3 48	平	high	bitmap_nearest+ocr	11	平:3
0x349	F3 49	甲	medium	windows_ocr	9	甲:3
0x34A	F3 4A	賀	medium	windows_ocr	22	賀:3
0x34B	F3 4B	吉	medium	windows_ocr	15	吉:3
0x34C	F3 4C	島	high	bitmap_nearest+ocr	2	島:3
0x34D	F3 4D	覆	verified	complete_box_exact	0	覆:3
0x34E	F3 4E	協	verified	complete_box_exact	0	協:3
0x34F	F3 4F	隠	high	bitmap_nearest+ocr	1	隠:3
0x350	F3 50	峰	medium	windows_ocr	24	峰:3
0x351	F3 51	五	medium	windows_ocr	21	五:3
0x352	F3 52	京	high	bitmap_nearest+ocr	5	京:3
0x353	F3 53	城	verified	complete_box_exact	0	城:3
0x354	F3 54	怪	medium	windows_ocr	14	怪:3
0x355	F3 55	獣	verified	scenario_context_review	31	
0x356	F3 56	組	high	bitmap_nearest+ocr	2	組:3
0x357	F3 57	葉	verified	complete_box_exact	0	葉:3
0x358	F3 58	諸	verified	scenario_context_review	28	諾:3
0x359	F3 59	興	verified	scenario_context_review	28	與:3
0x35A	F3 5A	油	high	bitmap_nearest+ocr	1	油:3
0x35B	F3 5B	禁	verified	complete_box_exact	0	禁:3
0x35C	F3 5C	和	medium	windows_ocr	28	和:3
0x35D	F3 5D	乳	high	bitmap_nearest+ocr	8	乳:3
0x35E	F3 5E	社	high	bitmap_nearest+ocr	9	社:3
0x35F	F3 5F	拡	high	bitmap_nearest+ocr	9	拡:3
0x360	F3 60	郁	medium	windows_ocr	24	郁:3
0x361	F3 61	専	verified	complete_box_exact	0	専:3
0x362	F3 62	庁	verified	complete_box_exact	0	庁:3
0x363	F3 63	柿	medium	windows_ocr	20	柿:3
0x364	F3 64	百	high	bitmap_nearest+ocr	4	百:3
0x365	F3 65	喜	high	bitmap_nearest+ocr	11	喜:3
0x366	F3 66	藤	verified	complete_box_exact	0	藤:3
0x367	F3 67	買	verified	complete_box_exact	0	買:3
0x368	F3 68	謝	high	bitmap_nearest+ocr	10	謝:3
0x369	F3 69	給	high	bitmap_nearest+ocr	2	給:3
0x36A	F3 6A	泰	high	bitmap_nearest+ocr	12	泰:3
0x36B	F3 6B	毎	high	bitmap_nearest+ocr	11	毎:3
0x36C	F3 6C	恵	verified	complete_box_exact	0	恵:3
0x36D	F3 6D	鉄	medium	windows_ocr	17	鉄:3
0x36E	F3 6E	木	high	bitmap_nearest+ocr	10	木:3
0x36F	F3 6F	慮	verified	scenario_context_review	24	麿:1
0x370	F3 70	湧	high	bitmap_nearest+ocr	10	湧:3
0x371	F3 71	枠	medium	windows_ocr	14	枠:3
0x372	F3 72	依	high	bitmap_nearest+ocr	3	依:3
0x373	F3 73	排	high	bitmap_nearest+ocr	4	排:3
0x374	F3 74	注	high	bitmap_nearest+ocr	5	注:3
0x375	F3 75	責	verified	complete_box_exact	0	責:3
0x376	F3 76	噂	verified	complete_box_exact	0	噂:3
0x377	F3 77	願	high	bitmap_nearest+ocr	3	願:3
0x378	F3 78	疲	medium	windows_ocr	17	疲:3
0x379	F3 79	塞	medium	complete_box_nearest	4	富:3
0x37A	F3 7A	沖	medium	windows_ocr	9	沖:3
0x37B	F3 7B	忙	verified	complete_box_exact	0	忙:3
0x37C	F3 7C	卒	verified	complete_box_exact	0	卒:3
0x37D	F3 7D	狗	high	bitmap_nearest+ocr	11	狗:3
0x37E	F3 7E	護	high	bitmap_nearest+ocr	12	護:3
0x37F	F3 7F	奇	high	bitmap_nearest+ocr	7	奇:3
0x380	F3 80	伏	high	bitmap_nearest+ocr	14	伏:3
0x381	F3 81	求	high	bitmap_nearest+ocr	6	求:3
0x382	F3 82	交	medium	windows_ocr	18	交:3
0x383	F3 83	艦	medium	complete_box_nearest	3	濫:2;艦:1
0x384	F3 84	閃	verified	complete_box_exact	0	閃:3
0x385	F3 85	瞬	high	bitmap_nearest+ocr	11	瞬:3
0x386	F3 86	届	medium	windows_ocr	31	届:3
0x387	F3 87		unresolved	unresolved	35	
0x388	F3 88	督	high	bitmap_nearest+ocr	13	督:2
0x389	F3 89	期	verified	complete_box_exact	0	期:3
0x38A	F3 8A	阻	medium	windows_ocr	19	阻:3
0x38B	F3 8B	扱	medium	windows_ocr	21	扱:3
0x38C	F3 8C	想	high	bitmap_nearest+ocr	2	想:3
0x38D	F3 8D	尽	medium	windows_ocr	18	尽:3
0x38E	F3 8E	含	high	bitmap_nearest+ocr	7	含:3
0x38F	F3 8F	掛	high	bitmap_nearest+ocr	4	掛:3
0x390	F3 90	右	high	bitmap_nearest+ocr	16	右:3
0x391	F3 91	被	verified	scenario_context_review	32	
0x392	F3 92	寝	verified	complete_box_exact	0	寝:3
0x393	F3 93	炸	medium	windows_ocr	23	炸:3
0x394	F3 94	制	verified	complete_box_exact	0	制:3
0x395	F3 95	孃	high	bitmap_nearest+ocr	10	孃:2
0x396	F3 96	吠	verified	complete_box_exact	0	吠:3
0x397	F3 97	如	verified	scenario_context_review	25	
0x398	F3 98	鎖	low	complete_box_nearest	10	鉑:1;銷:1
0x399	F3 99	誕	high	bitmap_nearest+ocr	16	誕:3
0x39A	F3 9A	水	high	bitmap_nearest+ocr	3	水:3
0x39B	F3 9B	械	medium	windows_ocr	23	械:3
0x39C	F3 9C	姿	high	bitmap_nearest+ocr	12	姿:3
0x39D	F3 9D	杖	medium	windows_ocr	26	杖:3
0x39E	F3 9E	由	verified	complete_box_exact	0	由:3
0x39F	F3 9F	永	verified	complete_box_exact	0	永:3
0x3A0	F3 A0	夢	high	bitmap_nearest+ocr	5	夢:3
0x3A1	F3 A1	弓	high	bitmap_nearest+ocr	3	弓:3
0x3A2	F3 A2	授	high	bitmap_nearest+ocr	6	授:3
0x3A3	F3 A3	継	high	bitmap_nearest+ocr	5	継:3
0x3A4	F3 A4	遂	verified	scenario_context_review	23	
0x3A5	F3 A5	漏	medium	windows_ocr	21	漏:3
0x3A6	F3 A6	抑	high	bitmap_nearest+ocr	4	抑:3
0x3A7	F3 A7	児	verified	scenario_context_review	15	
0x3A8	F3 A8	晩	high	complete_box_nearest	1	先:2
0x3A9	F3 A9	困	verified	complete_box_exact	0	困:3
0x3AA	F3 AA	富	verified	complete_box_exact	0	富:3
0x3AB	F3 AB	麓	medium	windows_ocr	34	麓:3
0x3AC	F3 AC	荘	medium	windows_ocr	19	荘:3
0x3AD	F3 AD	粧	verified	complete_box_exact	0	粧:3
0x3AE	F3 AE	仮	high	bitmap_nearest+ocr	8	仮:3
0x3AF	F3 AF	企	medium	windows_ocr	15	企:3
0x3B0	F3 B0	蔵	high	bitmap_nearest+ocr	6	蔵:3
0x3B1	F3 B1	法	high	bitmap_nearest+ocr	1	法:3
0x3B2	F3 B2	側	high	bitmap_nearest+ocr	11	側:3
0x3B3	F3 B3	片	verified	complete_box_exact	0	片:3
0x3B4	F3 B4	端	verified	complete_box_exact	0	端:3
0x3B5	F3 B5	曲	verified	complete_box_exact	0	曲:3
0x3B6	F3 B6	従	high	bitmap_nearest+ocr	6	従:3
0x3B7	F3 B7	句	verified	complete_box_exact	0	
0x3B8	F3 B8		unresolved	unresolved	26	
0x3B9	F3 B9	踏	verified	complete_box_exact	0	踏:3
0x3BA	F3 BA	乱	high	bitmap_nearest+ocr	2	乱:3
0x3BB	F3 BB	都	high	bitmap_nearest+ocr	8	都:3
0x3BC	F3 BC	市	verified	complete_box_exact	0	市:3
0x3BD	F3 BD	育	high	bitmap_nearest+ocr	13	育:3
0x3BE	F3 BE	希	high	bitmap_nearest+ocr	2	希:3
0x3BF	F3 BF	統	high	bitmap_nearest+ocr	6	統:3
0x3C0	F3 C0	居	medium	windows_ocr	8	居:3
0x3C1	F3 C1	偽	high	bitmap_nearest+ocr	1	偽:3
0x3C2	F3 C2	量	verified	complete_box_exact	0	量:3
0x3C3	F3 C3	個	medium	windows_ocr	27	個:3
0x3C4	F3 C4	輸	high	bitmap_nearest+ocr	1	輸:3
0x3C5	F3 C5	節	verified	complete_box_exact	0	節:3
0x3C6	F3 C6	捉	high	bitmap_nearest+ocr	2	捉:3
0x3C7	F3 C7	雇	high	bitmap_nearest+ocr	5	雇:3
0x3C8	F3 C8	焦	verified	complete_box_exact	0	焦:3
0x3C9	F3 C9	随	verified	complete_box_exact	0	随:3
0x3CA	F3 CA	障	medium	complete_box_nearest	4	陣:3
0x3CB	F3 CB	害	high	bitmap_nearest+ocr	12	害:3
0x3CC	F3 CC	卵	verified	complete_box_exact	0	卵:3
0x3CD	F3 CD	墜	medium	windows_ocr	30	墜:3
0x3CE	F3 CE	嗅	medium	windows_ocr	33	嗅:3
0x3CF	F3 CF	更	high	bitmap_nearest+ocr	6	更:3
0x3D0	F3 D0	温	medium	windows_ocr	21	温:3
0x3D1	F3 D1	術	high	bitmap_nearest+ocr	6	術:3
0x3D2	F3 D2	寸	verified	complete_box_exact	0	寸:3
0x3D3	F3 D3		unresolved	unresolved	33	
0x3D4	F3 D4	載	high	bitmap_nearest+ocr	2	載:3
0x3D5	F3 D5	式	verified	complete_box_exact	0	式:3
0x3D6	F3 D6	損	medium	windows_ocr	26	損:3
0x3D7	F3 D7	獲	high	bitmap_nearest+ocr	4	獲:3
0x3D8	F3 D8	隣	high	bitmap_nearest+ocr	15	隣:3
0x3D9	F3 D9	析	high	bitmap_nearest+ocr	5	析:3
0x3DA	F3 DA	製	medium	windows_ocr	28	製:3
0x3DB	F3 DB	索	medium	windows_ocr	20	索:3
0x3DC	F3 DC	柄	high	bitmap_nearest+ocr	4	柄:3
0x3DD	F3 DD	深	medium	windows_ocr	17	深:3
0x3DE	F3 DE	末	high	bitmap_nearest+ocr	2	末:3
0x3DF	F3 DF	枚	medium	windows_ocr	17	枚:3
0x3E0	F3 E0	師	medium	windows_ocr	32	師:3
0x3E1	F3 E1	匠	verified	complete_box_exact	0	匠:3
0x3E2	F3 E2	紀	medium	windows_ocr	18	紀:3
0x3E3	F3 E3	春	verified	complete_box_exact	0	春:3
0x3E4	F3 E4	奔	high	bitmap_nearest+ocr	2	奔:3
0x3E5	F3 E5	演	high	bitmap_nearest+ocr	2	演:3
0x3E6	F3 E6	〈	medium	windows_ocr	35	〈:3
0x3E7	F3 E7	飯	medium	windows_ocr	17	飯:3
0x3E8	F3 E8	承	verified	complete_box_exact	0	承:3
0x3E9	F3 E9	貨	verified	complete_box_exact	0	貨:3
0x3EA	F3 EA	巧	high	bitmap_nearest+ocr	10	巧:3
0x3EB	F3 EB	縛	high	bitmap_nearest+ocr	1	縛:3
0x3EC	F3 EC	則	verified	complete_box_exact	0	則:3
0x3ED	F3 ED	勉	verified	complete_box_exact	0	勉:3
0x3EE	F3 EE	窓	verified	complete_box_exact	0	窓:3
0x3EF	F3 EF	救	high	bitmap_nearest+ocr	13	救:3
0x3F0	F3 F0	摩	verified	complete_box_exact	0	摩:3
0x3F1	F3 F1	檸	medium	complete_box_nearest	4	擦:3
0x3F2	F3 F2	己	verified	complete_box_exact	0	己:3
0x3F3	F3 F3	丸	verified	complete_box_exact	0	九:3
0x3F4	F3 F4	怖	medium	windows_ocr	11	怖:3
0x3F5	F3 F5	因	medium	windows_ocr	17	因:3
0x3F6	F3 F6	勢	verified	scenario_context_review	40	
0x3F7	F3 F7	販	low	windows_ocr	28	販:1
0x3F8	F3 F8	売	high	bitmap_nearest+ocr	4	売:3
0x3F9	F3 F9	門	verified	complete_box_exact	0	門:3
0x3FA	F3 FA	徐	verified	complete_box_exact	0	徐:3
0x3FB	F3 FB	孤	verified	complete_box_exact	0	孤:3
0x3FC	F3 FC	訣	verified	complete_box_exact	0	訣:3
0x3FD	F3 FD	躍	high	bitmap_nearest+ocr	2	躍:3
0x3FE	F3 FE	冬	medium	windows_ocr	31	冬:3
0x3FF	F3 FF	眠	verified	complete_box_exact	0	眠:3
0x400	F4 00	0	medium	windows_ocr	22	0:3
0x401	F4 01	族	verified	complete_box_exact	0	族:3
0x402	F4 02	妹	medium	windows_ocr	23	妹:3
0x403	F4 03	彗	high	bitmap_nearest+ocr	2	彗:3
0x404	F4 04	率	verified	complete_box_exact	0	率:3
0x405	F4 05	娼	medium	windows_ocr	25	娼:3
0x406	F4 06	織	medium	windows_ocr	18	織:3
0x407	F4 07	避	verified	complete_box_exact	0	避:3
0x408	F4 08	澤	medium	windows_ocr	26	澤:3
0x409	F4 09	旗	high	bitmap_nearest+ocr	4	旗:3
0x40A	F4 0A	換	medium	windows_ocr	17	換:3
0x40B	F4 0B	政	verified	scenario_context_review	9	直:3
0x40C	F4 0C	府	high	bitmap_nearest+ocr	1	府:3
0x40D	F4 0D	詫	verified	complete_box_exact	0	詫:3
0x40E	F4 0E	恋	verified	complete_box_exact	0	恋:3
0x40F	F4 0F	抱	high	bitmap_nearest+ocr	8	抱:3
0x410	F4 10	寄	high	bitmap_nearest+ocr	2	寄:3
0x411	F4 11	謀	verified	complete_box_exact	0	謀:3
0x412	F4 12	娘	medium	windows_ocr	26	娘:3
0x413	F4 13	況	high	bitmap_nearest+ocr	11	況:3
0x414	F4 14	蒹	medium	windows_ocr	8	蒹:2
0x415	F4 15	得	medium	windows_ocr	24	得:3
0x416	F4 16	俵	medium	windows_ocr	27	俵:3
0x417	F4 17	塗	high	bitmap_nearest+ocr	5	塗:3
0x418	F4 18	旧	verified	complete_box_exact	0	旧:3
0x419	F4 19	軽	high	bitmap_nearest+ocr	10	軽:3
0x41A	F4 1A	丘	high	bitmap_nearest+ocr	10	丘:3
0x41B	F4 1B	梅	high	bitmap_nearest+ocr	6	梅:3
0x41C	F4 1C	麻	verified	complete_box_exact	0	麻:3
0x41D	F4 1D	呂	verified	complete_box_exact	0	呂:3
0x41E	F4 1E	厚	high	bitmap_nearest+ocr	7	厚:3
0x41F	F4 1F	#	medium	windows_ocr	21	#:3
0x420	F4 20	砂	high	bitmap_nearest+ocr	5	砂:3
0x421	F4 21	姉	medium	windows_ocr	35	姉:3
0x422	F4 22	秀	high	bitmap_nearest+ocr	2	秀:3
0x423	F4 23	営	high	bitmap_nearest+ocr	2	営:3
0x424	F4 24	粗	high	bitmap_nearest+ocr	8	粗:3
0x425	F4 25	憎	verified	complete_box_exact	0	
0x426	F4 26	贈	verified	complete_box_exact	0	贈:3
0x427	F4 27	象	verified	complete_box_exact	0	象:3
0x428	F4 28	鼻	verified	complete_box_exact	0	鼻:3
0x429	F4 29	醒	verified	complete_box_exact	0	醒:3
0x42A	F4 2A	幼	medium	windows_ocr	31	幼:3
0x42B	F4 2B	馴	high	bitmap_nearest+ocr	3	馴:3
0x42C	F4 2C	公	medium	windows_ocr	29	公:3
0x42D	F4 2D	質	verified	scenario_context_review	30	
0x42E	F4 2E	讓	verified	complete_box_exact	0	讓:3
0x42F	F4 2F	宿	verified	complete_box_exact	0	宿:3
0x430	F4 30	浪	high	bitmap_nearest+ocr	6	浪:3
0x431	F4 31	朋	verified	complete_box_exact	0	朋:3
0x432	F4 32	誠	verified	complete_box_exact	0	誠:3
0x433	F4 33	討	high	bitmap_nearest+ocr	13	討:3
0x434	F4 34	孝	high	bitmap_nearest+ocr	6	孝:3
0x435	F4 35	徴	high	bitmap_nearest+ocr	14	徴:3
0x436	F4 36	讐	verified	complete_box_exact	0	讐:3
0x437	F4 37	叔	medium	windows_ocr	25	叔:3
0x438	F4 38	執	medium	windows_ocr	25	執:3
0x439	F4 39	忠	high	bitmap_nearest+ocr	3	忠:3
0x43A	F4 3A	漂	high	bitmap_nearest+ocr	1	漂:3
0x43B	F4 3B	刑	verified	complete_box_exact	0	刑:3
0x43C	F4 3C	刀	verified	complete_box_exact	0	刀:3
0x43D	F4 3D	拗	high	bitmap_nearest+ocr	13	拗:3
0x43E	F4 3E	輩	verified	complete_box_exact	0	裴:1
0x43F	F4 3F	働	verified	scenario_context_review	10	慟:3
0x440	F4 40	園	medium	windows_ocr	27	園:3
0x441	F4 41		unresolved	unresolved	25	
0x442	F4 42	捧	high	bitmap_nearest+ocr	2	捧:3
0x443	F4 43	胆	verified	complete_box_exact	0	胆:3
0x444	F4 44	勘	verified	complete_box_exact	0	勘:3
0x445	F4 45	耳	high	bitmap_nearest+ocr	16	耳:3
0x446	F4 46	恩	high	bitmap_nearest+ocr	5	恩:3
0x447	F4 47	順	high	bitmap_nearest+ocr	2	順:3
0x448	F4 48	犬	high	bitmap_nearest+ocr	1	犬:2;大:1
0x449	F4 49	飼	verified	complete_box_exact	0	飼:3
0x44A	F4 4A	癖	verified	complete_box_exact	0	癖:3
0x44B	F4 4B	伸	high	bitmap_nearest+ocr	6	伸:3
0x44C	F4 4C	努	high	bitmap_nearest+ocr	13	努:3
0x44D	F4 4D	拉	high	bitmap_nearest+ocr	14	拉:3
0x44E	F4 4E	致	high	bitmap_nearest+ocr	6	致:3
0x44F	F4 4F	蛉	medium	windows_ocr	7	蛉:3
0x450	F4 50	核	high	bitmap_nearest+ocr	5	核:3
0x451	F4 51	融	medium	windows_ocr	26	融:3
0x452	F4 52	牧	high	bitmap_nearest+ocr	5	牧:3
0x453	F4 53	医	medium	windows_ocr	24	医:3
0x454	F4 54	論	high	bitmap_nearest+ocr	2	論:3
0x455	F4 55	霊	high	bitmap_nearest+ocr	4	霊:3
0x456	F4 56	盟	verified	complete_box_exact	0	盟:3
0x457	F4 57	預	verified	complete_box_exact	0	預:3
0x458	F4 58	聖	verified	complete_box_exact	0	聖:3
0x459	F4 59	挙	verified	complete_box_exact	0	挙:3
0x45A	F4 5A	凌	medium	windows_ocr	33	凌:3
0x45B	F4 5B	頁	verified	complete_box_exact	0	頁:3
0x45C	F4 5C	献	medium	windows_ocr	35	献:3
0x45D	F4 5D	改	medium	windows_ocr	18	改:3
0x45E	F4 5E	艇	verified	complete_box_exact	0	艇:3
0x45F	F4 5F	保	medium	windows_ocr	22	保:3
0x460	F4 60	携	verified	complete_box_exact	0	携:3
0x461	F4 61	誘	verified	complete_box_exact	0	誘:3
0x462	F4 62	偵	high	bitmap_nearest+ocr	6	偵:3
0x463	F4 63	唯	verified	scenario_context_review	0	雎:3
0x464	F4 64	魅	verified	complete_box_exact	0	魅:3
0x465	F4 65	詩	medium	windows_ocr	18	詩:3
0x466	F4 66	嘆	high	bitmap_nearest+ocr	4	嘆:3
0x467	F4 67	鎮	high	bitmap_nearest+ocr	4	鎮:3
0x468	F4 68	奪	verified	complete_box_exact	0	奪:3
0x469	F4 69	剥	medium	windows_ocr	28	剥:3
0x46A	F4 6A	鏡	high	bitmap_nearest+ocr	7	鏡:3
0x46B	F4 6B	語	medium	windows_ocr	20	語:3
0x46C	F4 6C	互	verified	complete_box_exact	0	互:3
0x46D	F4 6D	角	medium	windows_ocr	26	角:3
0x46E	F4 6E	嫉	verified	complete_box_exact	0	嫉:3
0x46F	F4 6F	妬	high	bitmap_nearest+ocr	16	妬:3
0x470	F4 70	肉	verified	complete_box_exact	0	肉:3
0x471	F4 71	薬	medium	windows_ocr	19	薬:3
0x472	F4 72	細	high	bitmap_nearest+ocr	2	細:3
0x473	F4 73	胞	verified	complete_box_exact	0	胞:3
0x474	F4 74	髪	medium	windows_ocr	18	髪:3
0x475	F4 75	潤	medium	windows_ocr	22	潤:3
0x476	F4 76	犯	medium	windows_ocr	25	犯:3
0x477	F4 77	案	high	bitmap_nearest+ocr	4	案:3
0x478	F4 78	評	verified	complete_box_exact	0	評:3
0x479	F4 79	倍	medium	windows_ocr	23	倍:3
0x47A	F4 7A	某	verified	complete_box_exact	0	某:3
0x47B	F4 7B	穏	verified	complete_box_exact	0	穏:3
0x47C	F4 7C	極	high	bitmap_nearest+ocr	13	極:3
0x47D	F4 7D	増	high	bitmap_nearest+ocr	7	増:3
0x47E	F4 7E	殖	verified	complete_box_exact	0	殖:3
0x47F	F4 7F	獅	verified	complete_box_exact	0	獅:3
0x480	F4 80	停	high	bitmap_nearest+ocr	1	停:3
0x481	F4 81	財	medium	windows_ocr	23	財:2
0x482	F4 82	牡	medium	windows_ocr	13	牡:3
0x483	F4 83	羊	verified	complete_box_exact	0	羊:3
0x484	F4 84	騎	verified	complete_box_exact	0	騎:3
0x485	F4 85	伐	medium	windows_ocr	27	伐:3
0x486	F4 86	骨	verified	complete_box_exact	0	骨:3
0x487	F4 87	徒	high	bitmap_nearest+ocr	2	徒:3
0x488	F4 88	盗	medium	windows_ocr	29	盗:3
0x489	F4 89	.9	high	complete_box_nearest	1	浩:3
0x48A	F4 8A	氏	verified	complete_box_exact	0	氏:3
0x48B	F4 8B	幅	verified	complete_box_exact	0	巾:3
0x48C	F4 8C	斉	verified	scenario_context_review	28	
0x48D	F4 8D	惴	verified	complete_box_exact	0	惴:3
0x48E	F4 8E	職	medium	windows_ocr	34	職:3
0x48F	F4 8F	囲	verified	scenario_context_review	34	
0x490	F4 90	北	high	bitmap_nearest+ocr	1	北:3
0x491	F4 91	西	medium	windows_ocr	19	西:2
0x492	F4 92	南	high	bitmap_nearest+ocr	4	南:3
0x493	F4 93	架	verified	complete_box_exact	0	架:3
0x494	F4 94	隆	verified	complete_box_exact	0	隆:3
0x495	F4 95	盛	verified	complete_box_exact	0	盛:3
0x496	F4 96	尊	verified	complete_box_exact	0	尊:3
0x497	F4 97	敬	high	bitmap_nearest+ocr	2	敬:3
0x498	F4 98	弁	high	bitmap_nearest+ocr	1	弁:3
0x499	F4 99	泳	high	bitmap_nearest+ocr	10	泳:3
0x49A	F4 9A	独	high	bitmap_nearest+ocr	6	独:3
0x49B	F4 9B	米	verified	complete_box_exact	0	米:3
0x49C	F4 9C	屈	high	bitmap_nearest+ocr	7	屈:3
0x49D	F4 9D	辱	high	bitmap_nearest+ocr	8	辱:3
0x49E	F4 9E	皇	verified	complete_box_exact	0	皇:3
0x49F	F4 9F	鎧	verified	scenario_context_review	29	
0x4A0	F4 A0	殿	high	bitmap_nearest+ocr	11	殿:3
0x4A1	F4 A1	懸	medium	windows_ocr	21	懸:2
0x4A2	F4 A2	寺	medium	windows_ocr	18	寺:3
0x4A3	F4 A3	品	verified	complete_box_exact	0	品:3
0x4A4	F4 A4	盾	verified	complete_box_exact	0	盾:3
0x4A5	F4 A5	投	high	bitmap_nearest+ocr	16	投:3
0x4A6	F4 A6	椅	medium	windows_ocr	23	椅:3
0x4A7	F4 A7	鷹	medium	windows_ocr	27	鷹:3
0x4A8	F4 A8	短	high	bitmap_nearest+ocr	16	短:3
0x4A9	F4 A9	慕	verified	scenario_context_review	13	
0x4AA	F4 AA	雅	high	bitmap_nearest+ocr	2	雅:3
0x4AB	F4 AB	積	medium	windows_ocr	24	積:3
0x4AC	F4 AC	村	high	bitmap_nearest+ocr	6	村:3
0x4AD	F4 AD	姫	verified	complete_box_exact	0	姫:3
0x4AE	F4 AE	妨	high	bitmap_nearest+ocr	8	妨:3
0x4AF	F4 AF	遺	high	bitmap_nearest+ocr	14	遺:3
0x4B0	F4 B0		unresolved	unresolved	26	
0x4B1	F4 B1	辞	high	bitmap_nearest+ocr	6	辞:2
0x4B2	F4 B2	祖	verified	complete_box_exact	0	祖:3
0x4B3	F4 B3	岩	verified	complete_box_exact	0	岩:3
0x4B4	F4 B4	借	high	bitmap_nearest+ocr	1	借:3
0x4B5	F4 B5	孫	medium	windows_ocr	33	孫:2
0x4B6	F4 B6	弦	high	bitmap_nearest+ocr	2	弦:3
0x4B7	F4 B7	之	high	bitmap_nearest+ocr	4	之:3
0x4B8	F4 B8	愑	medium	windows_ocr	21	愑:3
0x4B9	F4 B9	幾	verified	complete_box_exact	0	幾:3
0x4BA	F4 BA	夏	medium	windows_ocr	37	夏:3
0x4BB	F4 BB	秋	high	bitmap_nearest+ocr	4	秋:3
0x4BC	F4 BC	喋	verified	complete_box_exact	0	喋:3
0x4BD	F4 BD	婦	verified	complete_box_exact	0	婦:3
0x4BE	F4 BE	克	verified	complete_box_exact	0	克:3
0x4BF	F4 BF	掘	high	bitmap_nearest+ocr	4	掘:3
0x4C0	F4 C0	純	high	bitmap_nearest+ocr	2	純:3
0x4C1	F4 C1		unresolved	unresolved	23	
0x4C2	F4 C2	劇	verified	complete_box_exact	0	劇:3
0x4C3	F4 C3	識	medium	windows_ocr	33	識:3
0x4C4	F4 C4	乙	high	bitmap_nearest+ocr	4	乙:3
0x4C5	F4 C5	浅	verified	complete_box_exact	0	
0x4C6	F4 C6	漢	medium	windows_ocr	14	漢:3
0x4C7	F4 C7	隼	verified	complete_box_exact	0	隼:3
0x4C8	F4 C8	陰	medium	windows_ocr	25	陰:3
0x4C9	F4 C9	慶	high	bitmap_nearest+ocr	13	慶:3
0x4CA	F4 CA	賢	verified	complete_box_exact	0	
0x4CB	F4 CB	描	high	bitmap_nearest+ocr	4	描:3
0x4CC	F4 CC	谷	medium	windows_ocr	28	谷:3
0x4CD	F4 CD	吾	verified	complete_box_exact	0	吾:3
0x4CE	F4 CE	宏	medium	windows_ocr	26	宏:3
0x4CF	F4 CF	梨	verified	complete_box_exact	0	梨:3
0x4D0	F4 D0	阿	verified	complete_box_exact	0	阿:3
0x4D1	F4 D1	池	high	bitmap_nearest+ocr	7	池:3
0x4D2	F4 D2	田	verified	complete_box_exact	0	田:3
0x4D3	F4 D3	弥	verified	complete_box_exact	0	弥:3
0x4D4	F4 D4	榊	high	bitmap_nearest+ocr	1	榊:3
0x4D5	F4 D5	伊	verified	scenario_context_review	9	尹:3
0x4D6	F4 D6	倉	verified	complete_box_exact	0	倉:3
0x4D7	F4 D7	藩	high	bitmap_nearest+ocr	8	藩:3
0x4D8	F4 D8	草	medium	windows_ocr	8	草:3
0x4D9	F4 D9		unresolved	unresolved	30	
0x4DA	F4 DA	里	medium	windows_ocr	16	里:3
0x4DB	F4 DB	稈	medium	windows_ocr	20	稈:3
0x4DC	F4 DC	圻	medium	windows_ocr	16	圻:2;坂:1
0x4DD	F4 DD	松	high	bitmap_nearest+ocr	16	松:3
0x4DE	F4 DE	彦	verified	complete_box_exact	0	彦:3
0x4DF	F4 DF	啓	medium	windows_ocr	34	啓:3
0x4E0	F4 E0	尚	verified	complete_box_exact	0	尚:3
0x4E1	F4 E1	樹	high	bitmap_nearest+ocr	5	樹:3
0x4E2	F4 E2	臣	verified	complete_box_exact	0	臣:3
0x4E3	F4 E3	智	high	bitmap_nearest+ocr	4	智:3
0x4E4	F4 E4	笠	verified	complete_box_exact	0	笠:3
0x4E5	F4 E5	杉	high	bitmap_nearest+ocr	5	杉:3
0x4E6	F4 E6		unresolved	unresolved	35	
0x4E7	F4 E7	奈	verified	complete_box_exact	0	奈:3
0x4E8	F4 E8	敦	medium	windows_ocr	19	敦:3
0x4E9	F4 E9	清	high	bitmap_nearest+ocr	1	清:3
0x4EA	F4 EA	津	verified	complete_box_exact	0	津:3
0x4EB	F4 EB	)	medium	windows_ocr	28	):3
0x4EC	F4 EC	茂	verified	complete_box_exact	0	茂:3
0x4ED	F4 ED	鮎	verified	complete_box_exact	0	鮎:3
0x4EE	F4 EE	龍	verified	complete_box_exact	0	龍:3
0x4EF	F4 EF	晶	verified	complete_box_exact	0	晶:3
0x4F0	F4 F0	紗	verified	complete_box_exact	0	紗:3
0x4F1	F4 F1	垂	verified	complete_box_exact	0	垂:3
0x4F2	F4 F2	蒼	verified	complete_box_exact	0	蒼:3
0x4F3	F4 F3	股	medium	windows_ocr	38	股:3
0x4F4	F4 F4	堀	verified	complete_box_exact	0	堀:3
0x4F5	F4 F5	戸	high	bitmap_nearest+ocr	7	戸:3
0x4F6	F4 F6	瀬	verified	complete_box_exact	0	瀬:3
0x4F7	F4 F7	橋	high	bitmap_nearest+ocr	4	橋:3
0x4F8	F4 F8	晃	verified	complete_box_exact	0	晃:3
0x4F9	F4 F9	塩	verified	complete_box_exact	0	塩:3
0x4FA	F4 FA	柴	verified	complete_box_exact	0	柴:3
0x4FB	F4 FB	徳	medium	complete_box_nearest	4	德:3
0x4FC	F4 FC	弘	verified	complete_box_exact	0	弘:3
0x4FD	F4 FD	瓶	medium	windows_ocr	31	瓶:3
0x4FE	F4 FE	玄	verified	complete_box_exact	0	玄:3
0x4FF	F4 FF	哲	medium	windows_ocr	31	哲:3
0x500	F5 00		unresolved	unresolved	24	
0x501	F5 01	X	medium	windows_ocr	19	X:3
0x502	F5 02	殉	verified	complete_box_exact	0	殉:2
0x503	F5 03	曽	verified	complete_box_exact	0	曽:3
0x504	F5 04	場	verified	complete_box_exact	0	場:3
0x505	F5 05	昭	verified	complete_box_exact	0	昭:3
0x506	F5 06	也	verified	complete_box_exact	0	也:3
0x507	F5 07	巴	high	bitmap_nearest+ocr	1	巴:3
0x508	F5 08	臓	medium	windows_ocr	34	臓:3
0x509	F5 09	槍	high	bitmap_nearest+ocr	1	槍:3
0x50A	F5 0A	掌	verified	complete_box_exact	0	掌:3
0x50B	F5 0B	毆	medium	windows_ocr	32	毆:2
0x50C	F5 0C	域	high	bitmap_nearest+ocr	16	域:3
0x50D	F5 0D	枯	medium	windows_ocr	19	枯:3
0x50E	F5 0E		unresolved	unresolved	29	
0x50F	F5 0F	漠	verified	complete_box_exact	0	漠:3
0x510	F5 10	層	verified	complete_box_exact	0	層:3
0x511	F5 11	滑	medium	windows_ocr	29	滑:3
0x512	F5 12	礁	high	bitmap_nearest+ocr	7	礁:2
0x513	F5 13	斜	high	bitmap_nearest+ocr	5	斜:3
0x514	F5 14	床	high	bitmap_nearest+ocr	4	床:3
0x515	F5 15	院	verified	complete_box_exact	0	院:3
0x516	F5 16	骸	verified	complete_box_exact	0	骸:3
0x517	F5 17	洞	high	bitmap_nearest+ocr	1	洞:3
0x518	F5 18	窟	high	bitmap_nearest+ocr	7	窟:3
0x519	F5 19	択	low	windows_ocr	17	択:1
0x51A	F5 1A	遭	medium	windows_ocr	34	遭:3
0x51B	F5 1B	遇	high	bitmap_nearest+ocr	7	遇:2
0x51C	F5 1C	駒	high	bitmap_nearest+ocr	1	駒:3
0x51D	F5 1D	蓄	verified	complete_box_exact	0	蓄:3
0x51E	F5 1E	励	medium	windows_ocr	19	励:3
0x51F	F5 1F	済	medium	windows_ocr	26	済:3
0x520	F5 20	撹	high	bitmap_nearest+ocr	7	撹:3
0x521	F5 21	埋	verified	complete_box_exact	0	埋:3
0x522	F5 22	併	medium	windows_ocr	25	併:2
0x523	F5 23	詳	verified	complete_box_exact	0	譁:3
0x524	F5 24	述	high	bitmap_nearest+ocr	2	述:3
0x525	F5 25	費	verified	complete_box_exact	0	費:2
0x526	F5 26	塊	medium	windows_ocr	35	塊:3
0x527	F5 27	勾	medium	windows_ocr	19	勾:3
0x528	F5 28	玉	high	bitmap_nearest+ocr	1	玉:3
0x529	F5 29	鈿	verified	complete_box_exact	0	鈿:3
0x52A	F5 2A	例	high	bitmap_nearest+ocr	2	例:3
0x52B	F5 2B	検	medium	windows_ocr	27	検:2
0x52C	F5 2C	覧	verified	scenario_context_review	22	
0x52D	F5 2D	複	high	bitmap_nearest+ocr	8	複:3
0x52E	F5 2E	項	high	bitmap_nearest+ocr	14	項:3
0x52F	F5 2F	階	high	bitmap_nearest+ocr	1	階:3
0x530	F5 30	殊	high	bitmap_nearest+ocr	7	殊:3
0x531	F5 31	頑	verified	complete_box_exact	0	頑:3
0x532	F5 32	材	verified	complete_box_exact	0	材:2
0x533	F5 33	昇	verified	complete_box_exact	0	昇:3
0x534	F5 34		unresolved	unresolved	16	
0x535	F5 35	快	medium	windows_ocr	15	快:3
0x536	F5 36	靭	medium	windows_ocr	29	靭:3
0x537	F5 37	師	medium	windows_ocr	32	師:3
0x538	F5 38	遣	medium	windows_ocr	19	遣:3
0x539	F5 39	猛	verified	complete_box_exact	0	猛:3
0x53A	F5 3A	洸	high	bitmap_nearest+ocr	2	洸:3
0x53B	F5 3B		unresolved	unresolved	41	
0x53C	F5 3C	惶	medium	windows_ocr	31	惶:3
0x53D	F5 3D	枢	high	bitmap_nearest+ocr	7	枢:3
0x53E	F5 3E	惹	medium	windows_ocr	26	惹:3
0x53F	F5 3F		unresolved	unresolved	19	
0x540	F5 40	雰	high	bitmap_nearest+ocr	2	雰:3
0x541	F5 41	鹿	verified	complete_box_exact	0	鹿:3
0x542	F5 42		unresolved	unresolved	25	
0x543	F5 43	棒	verified	complete_box_exact	0	棒:3
0x544	F5 44	省	medium	windows_ocr	14	省:3
0x545	F5 45	砿	medium	windows_ocr	31	砿:3
0x546	F5 46	伴	high	bitmap_nearest+ocr	5	伴:3
0x547	F5 47	ロ	medium	windows_ocr	43	ロ:3
0x548	F5 48	ロ	medium	windows_ocr	43	ロ:3
0x549	F5 49	私	medium	windows_ocr	26	私:3
0x54A	F5 4A	呪	verified	complete_box_exact	0	呪:3
0x54B	F5 4B	嫌	high	bitmap_nearest+ocr	2	嫌:3
0x54C	F5 4C	懐	high	bitmap_nearest+ocr	7	懐:3
0x54D	F5 4D	差	high	bitmap_nearest+ocr	2	差:3
0x54E	F5 4E	墓	verified	complete_box_exact	0	菎:2;草:1
0x54F	F5 4F	.	low	complete_box_nearest	8	
0x550	F5 50	唸	medium	windows_ocr	36	唸:3
0x551	F5 51	粉	verified	complete_box_exact	0	粉:3
0x552	F5 52	干	medium	windows_ocr	7	干:3
0x553	F5 53	崖	medium	windows_ocr	20	崖:3
0x554	F5 54	町	verified	complete_box_exact	0	町:3
0x555	F5 55	廃	verified	complete_box_exact	0	廃:3
0x556	F5 56	滝	high	bitmap_nearest+ocr	10	滝:3
0x557	F5 57	芸	verified	complete_box_exact	0	芸:3
0x558	F5 58	舌	verified	complete_box_exact	0	舌:3
0x559	F5 59	均	verified	complete_box_exact	0	均:3
0x55A	F5 5A	欠	high	bitmap_nearest+ocr	11	欠:3
0x55B	F5 5B	堅	verified	complete_box_exact	0	堅:3
0x55C	F5 5C	充	high	bitmap_nearest+ocr	11	充:3
0x55D	F5 5D	豆	medium	windows_ocr	27	豆:3
0x55E	F5 5E	請	high	bitmap_nearest+ocr	16	請:2;諳:1
0x55F	F5 5F	辛	verified	complete_box_exact	0	宰:3
0x560	F5 60	契	high	bitmap_nearest+ocr	8	契:3
0x561	F5 61	欧	medium	windows_ocr	28	欧:3
0x562	F5 62	為	medium	windows_ocr	34	為:3
0x563	F5 63	鋭	high	bitmap_nearest+ocr	2	鋭:3
0x564	F5 64	仰	high	bitmap_nearest+ocr	7	仰:2;匍:1
0x565	F5 65	脈	high	bitmap_nearest+ocr	3	脈:3
0x566	F5 66	策	high	bitmap_nearest+ocr	5	策:3
0x567	F5 67	迷	high	bitmap_nearest+ocr	7	迷:3
0x568	F5 68	蛇	medium	windows_ocr	25	蛇:3
0x569	F5 69	阪	verified	scenario_context_review	23	
0x56A	F5 6A	喰	high	bitmap_nearest+ocr	3	喰:3
0x56B	F5 6B	歓	low	complete_box_nearest	11	
0x56C	F5 6C	騒	high	bitmap_nearest+ocr	14	騒:3
0x56D	F5 6D	毛	verified	complete_box_exact	0	毛:3
0x56E	F5 6E	貯	verified	complete_box_exact	0	貯:3
0x56F	F5 6F	涙	verified	complete_box_exact	0	涙:3
0x570	F5 70	猶	verified	complete_box_exact	0	猶:3
0x571	F5 71	筑	medium	windows_ocr	36	筑:3
0x572	F5 72	拐	medium	windows_ocr	28	拐:3
0x573	F5 73	泥	high	bitmap_nearest+ocr	1	泥:3
0x574	F5 74	誤	verified	complete_box_exact	0	誤:3
0x575	F5 75	尻	verified	complete_box_exact	0	尻:3
0x576	F5 76	斐	verified	complete_box_exact	0	斐:3
0x577	F5 77	愉	medium	windows_ocr	25	愉:3
0x578	F5 78	快	high	bitmap_nearest+ocr	5	快:3
0x579	F5 79	鼓	verified	complete_box_exact	0	鼓:3
0x57A	F5 7A	律	verified	complete_box_exact	0	律:3
0x57B	F5 7B	滞	medium	windows_ocr	26	滞:3
0x57C	F5 7C	像	medium	windows_ocr	30	像:3
0x57D	F5 7D	渉	medium	windows_ocr	20	渉:3
0x57E	F5 7E	繁	verified	complete_box_exact	0	繁:3
0x57F	F5 7F	映	high	bitmap_nearest+ocr	7	映:3
0x580	F5 80	促	high	bitmap_nearest+ocr	3	促:3
0x581	F5 81	潮	high	bitmap_nearest+ocr	11	潮:3
0x582	F5 82	筋	high	bitmap_nearest+ocr	2	筋:3
0x583	F5 83	諾	medium	windows_ocr	20	諾:3
0x584	F5 84	益	high	bitmap_nearest+ocr	7	益:3
0x585	F5 85	弔	verified	complete_box_exact	0	弔:3
0x586	F5 86	虜	high	bitmap_nearest+ocr	2	虜:3
0x587	F5 87	慢	verified	complete_box_exact	0	慢:3
0x588	F5 88	辟	medium	windows_ocr	41	辟:3
0x589	F5 89	易	verified	complete_box_exact	0	易:3
0x58A	F5 8A	腐	medium	windows_ocr	25	腐:3
0x58B	F5 8B	貸	medium	windows_ocr	19	貸:3
0x58C	F5 8C	劣	medium	windows_ocr	26	劣:3
0x58D	F5 8D	暇	verified	scenario_context_review	35	
0x58E	F5 8E	誓	verified	complete_box_exact	0	誓:3
0x58F	F5 8F	毒	high	bitmap_nearest+ocr	12	毒:3
0x590	F5 90	厄	medium	windows_ocr	29	厄:3
0x591	F5 91	浸	high	bitmap_nearest+ocr	1	浸:3
0x592	F5 92	溝	medium	windows_ocr	19	溝:3
0x593	F5 93	僅	high	bitmap_nearest+ocr	1	僅:3
0x594	F5 94	雌	high	bitmap_nearest+ocr	1	雌:3
0x595	F5 95	旨	verified	complete_box_exact	0	旨:3
0x596	F5 96	謹	medium	windows_ocr	21	謹:3
0x597	F5 97	潔	medium	windows_ocr	19	潔:3
0x598	F5 98	病	verified	complete_box_exact	0	病:3
0x599	F5 99	陣	high	bitmap_nearest+ocr	1	陣:3
0x59A	F5 9A	雑	high	bitmap_nearest+ocr	1	雑:3
0x59B	F5 9B	匹	medium	windows_ocr	22	匹:3
0x59C	F5 9C	封	high	bitmap_nearest+ocr	3	封:3
0x59D	F5 9D	績	verified	complete_box_exact	0	績:3
0x59E	F5 9E	序	verified	complete_box_exact	0	序:3
0x59F	F5 9F	渚	medium	windows_ocr	16	渚:3
0x5A0	F5 A0	湯	verified	scenario_context_review	0	潟:3
0x5A1	F5 A1	幽	high	bitmap_nearest+ocr	2	幽:3
0x5A2	F5 A2	氷	verified	complete_box_exact	0	氷:3
0x5A3	F5 A3	溶	medium	windows_ocr	29	溶:3
0x5A4	F5 A4	肢	verified	complete_box_exact	0	肢:3
0x5A5	F5 A5	抹	high	bitmap_nearest+ocr	4	抹:3
0x5A6	F5 A6	妙	medium	windows_ocr	17	妙:3
0x5A7	F5 A7	△	medium	windows_ocr	22	△:3
0x5A8	F5 A8	庫	verified	complete_box_exact	0	庫:3
0x5A9	F5 A9	媒	verified	complete_box_exact	0	媒:3
0x5AA	F5 AA	眼	verified	complete_box_exact	0	眼:3
0x5AB	F5 AB	盲	high	bitmap_nearest+ocr	10	盲:3
0x5AC	F5 AC	納	verified	complete_box_exact	0	納:3
0x5AD	F5 AD	召	verified	complete_box_exact	0	召:3
0x5AE	F5 AE	岳	medium	windows_ocr	27	岳:3
0x5AF	F5 AF	管	high	bitmap_nearest+ocr	2	管:3
0x5B0	F5 B0	隻	verified	complete_box_exact	0	隻:3
0x5B1	F5 B1	仇	high	bitmap_nearest+ocr	1	仇:3
0x5B2	F5 B2	暖	verified	complete_box_exact	0	(:3
0x5B3	F5 B3	儀	medium	windows_ocr	26	儀:3
0x5B4	F5 B4	欺	high	bitmap_nearest+ocr	11	欺:3
0x5B5	F5 B5	猪	medium	windows_ocr	29	猪:3
0x5B6	F5 B6	尋	medium	windows_ocr	30	尋:3
0x5B7	F5 B7	痊	medium	complete_box_nearest	4	疫:3
0x5B8	F5 B8	耗	verified	complete_box_exact	0	耗:3
0x5B9	F5 B9	折	high	bitmap_nearest+ocr	4	折:3
0x5BA	F5 BA	雫	medium	windows_ocr	17	雫:3
0x5BB	F5 BB	凶	verified	complete_box_exact	0	凶:3
0x5BC	F5 BC	妥	high	bitmap_nearest+ocr	11	妥:3
0x5BD	F5 BD	陳	medium	windows_ocr	10	陳:3
0x5BE	F5 BE	濃	verified	complete_box_exact	0	濃:3
0x5BF	F5 BF	唆	medium	windows_ocr	14	唆:3
0x5C0	F5 C0	粋	high	bitmap_nearest+ocr	3	粋:3
0x5C1	F5 C1	殻	medium	windows_ocr	29	殻:3
0x5C2	F5 C2	衝	high	bitmap_nearest+ocr	13	衝:3
0x5C3	F5 C3	慄	medium	windows_ocr	30	慄:3
0x5C4	F5 C4	牽	medium	windows_ocr	18	牽:3
0x5C5	F5 C5	仏	medium	windows_ocr	17	仏:3
0x5C6	F5 C6	吐	verified	complete_box_exact	0	吐:3
0x5C7	F5 C7	緯	high	bitmap_nearest+ocr	6	緯:3
0x5C8	F5 C8	逮	medium	windows_ocr	21	逮:3
0x5C9	F5 C9	冊	medium	windows_ocr	22	冊:3
0x5CA	F5 CA	催	high	bitmap_nearest+ocr	8	催:3
0x5CB	F5 CB	煮	medium	windows_ocr	38	煮:3
0x5CC	F5 CC	昼	high	bitmap_nearest+ocr	7	昼:2
0x5CD	F5 CD	豊	verified	complete_box_exact	0	豊:3
0x5CE	F5 CE	箱	verified	complete_box_exact	0	箱:3
0x5CF	F5 CF	洗	medium	windows_ocr	25	洗:3
0x5D0	F5 D0	タ	medium	windows_ocr	7	タ:3
0x5D1	F5 D1	ロ	medium	windows_ocr	22	ロ:3
0x5D2	F5 D2	狩	verified	scenario_context_review	25	
0x5D3	F5 D3	凡	verified	complete_box_exact	0	凡:3
0x5D4	F5 D4	喚	high	bitmap_nearest+ocr	16	喚:3
0x5D5	F5 D5	廷	verified	complete_box_exact	0	廷:3
0x5D6	F5 D6	施	verified	complete_box_exact	0	施:3
0x5D7	F5 D7	駐	medium	windows_ocr	19	駐:3
0x5D8	F5 D8	添	high	bitmap_nearest+ocr	2	添:3
0x5D9	F5 D9	軌	medium	windows_ocr	20	軌:3
0x5DA	F5 DA	割	verified	complete_box_exact	0	罰:2;蜀:1
0x5DB	F5 DB	酸	verified	complete_box_exact	0	酸:3
0x5DC	F5 DC	恫	medium	windows_ocr	28	恫:2
0x5DD	F5 DD	挽	verified	complete_box_exact	0	挽:3
0x5DE	F5 DE	衰	verified	complete_box_exact	0	衰:3
0x5DF	F5 DF	価	medium	windows_ocr	24	価:3
0x5E0	F5 E0	拒	verified	complete_box_exact	0	拒:3
0x5E1	F5 E1	衆	verified	complete_box_exact	0	衆:3
0x5E2	F5 E2	庇	medium	windows_ocr	29	庇:3
0x5E3	F5 E3	審	verified	complete_box_exact	0	審:3
0x5E4	F5 E4	臭	high	bitmap_nearest+ocr	2	臭:3
0x5E5	F5 E5	迅	verified	complete_box_exact	0	迅:3
0x5E6	F5 E6	勤	high	bitmap_nearest+ocr	2	勤:3
0x5E7	F5 E7	板	high	bitmap_nearest+ocr	8	板:3
0x5E8	F5 E8	混	high	bitmap_nearest+ocr	1	混:3
0x5E9	F5 E9	畛	verified	complete_box_exact	0	畛:3
0x5EA	F5 EA	閣	verified	complete_box_exact	0	閣:3
0x5EB	F5 EB	悠	verified	scenario_context_review	27	
0x5EC	F5 EC	挨	verified	complete_box_exact	0	援:2
0x5ED	F5 ED	拶	verified	complete_box_exact	0	拶:3
0x5EE	F5 EE	班	medium	windows_ocr	18	班:3
0x5EF	F5 EF	賛	medium	windows_ocr	19	賛:3
0x5F0	F5 F0	杵	medium	windows_ocr	23	杵:3
0x5F1	F5 F1	巣	verified	complete_box_exact	0	巣:3
0x5F2	F5 F2	即	high	bitmap_nearest+ocr	3	即:3
0x5F3	F5 F3	隷	medium	windows_ocr	33	隷:3
0x5F4	F5 F4	厳	medium	windows_ocr	24	厳:3
0x5F5	F5 F5	把	verified	complete_box_exact	0	把:3
0x5F6	F5 F6	借	medium	complete_box_nearest	6	惜:3
0x5F7	F5 F7	乏	high	bitmap_nearest+ocr	15	乏:3
0x5F8	F5 F8	祈	high	bitmap_nearest+ocr	1	祈:3
0x5F9	F5 F9	祝	high	bitmap_nearest+ocr	6	祝:3
0x5FA	F5 FA	賭	verified	complete_box_exact	0	賠:1
0x5FB	F5 FB	漆	medium	windows_ocr	25	漆:3
0x5FC	F5 FC		unresolved	unresolved	32	
0x5FD	F5 FD	烈	verified	complete_box_exact	0	列:3
0x5FE	F5 FE	革	verified	complete_box_exact	0	革:3
0x5FF	F5 FF	ロ	verified	complete_box_exact	0	ロ:3
